date,division,rain_mm,temp_c,rh_pct,lon,lat
2025-10-06,Chittagong,5.36,26.83,92.23,91.40585777699802,22.87576454745377
2025-10-07,Chittagong,5.86,27.02,87.02,91.40585777699802,22.87576454745377
2025-10-08,Chittagong,3.58,27.05,88.58,91.40585777699802,22.87576454745377
2025-10-09,Chittagong,28.53,27.01,88.18,91.40585777699802,22.87576454745377
2025-10-10,Chittagong,23.58,27.44,85.79,91.40585777699802,22.87576454745377
2025-10-11,Chittagong,16.85,26.72,89.08,91.40585777699802,22.87576454745377
2025-10-12,Chittagong,7.39,26.78,86.45,91.40585777699802,22.87576454745377
2025-10-13,Chittagong,0.15,25.9,86.25,91.40585777699802,22.87576454745377
2025-10-14,Chittagong,0.02,26.17,86.54,91.40585777699802,22.87576454745377
2025-10-15,Chittagong,0.44,26.09,84.88,91.40585777699802,22.87576454745377
2025-10-16,Chittagong,5.01,26.38,86.85,91.40585777699802,22.87576454745377
2025-10-17,Chittagong,7.47,26.68,87.79,91.40585777699802,22.87576454745377
2025-10-18,Chittagong,1.14,27.51,86.28,91.40585777699802,22.87576454745377
2025-10-19,Chittagong,1.95,27.23,84.54,91.40585777699802,22.87576454745377
2025-10-20,Chittagong,0.96,27.01,84.37,91.40585777699802,22.87576454745377
2025-10-21,Chittagong,0.65,27.21,83.78,91.40585777699802,22.87576454745377
2025-10-22,Chittagong,0.07,27.24,82.49,91.40585777699802,22.87576454745377
2025-10-23,Chittagong,0.56,27.31,84.29,91.40585777699802,22.87576454745377
2025-10-24,Chittagong,0.94,27.1,82.44,91.40585777699802,22.87576454745377
2025-10-25,Chittagong,0.27,26.81,83.77,91.40585777699802,22.87576454745377
2025-10-26,Chittagong,0.0,26.57,82.79,91.40585777699802,22.87576454745377
2025-10-27,Chittagong,0.02,27.12,81.87,91.40585777699802,22.87576454745377
2025-10-28,Chittagong,0.39,28.04,76.55,91.40585777699802,22.87576454745377
2025-10-29,Chittagong,8.72,28.24,78.29,91.40585777699802,22.87576454745377
2025-10-30,Chittagong,3.67,27.43,84.67,91.40585777699802,22.87576454745377
2025-10-31,Chittagong,0.58,27.98,84.72,91.40585777699802,22.87576454745377
2025-11-01,Chittagong,1.02,27.28,87.56,91.40585777699802,22.87576454745377
2025-11-02,Chittagong,6.74,26.91,88.57,91.40585777699802,22.87576454745377
2025-11-03,Chittagong,2.67,25.44,89.47,91.40585777699802,22.87576454745377
2025-11-04,Chittagong,1.52,25.2,86.84,91.40585777699802,22.87576454745377
2025-11-05,Chittagong,23.68,25.27,89.71,91.40585777699802,22.87576454745377
2025-11-06,Chittagong,5.63,25.55,86.05,91.40585777699802,22.87576454745377
2025-11-07,Chittagong,0.8,25.15,88.02,91.40585777699802,22.87576454745377
2025-11-08,Chittagong,0.0,23.95,87.84,91.40585777699802,22.87576454745377
2025-11-09,Chittagong,0.0,22.45,87.16,91.40585777699802,22.87576454745377
2025-11-10,Chittagong,0.0,22.31,86.53,91.40585777699802,22.87576454745377
2025-11-11,Chittagong,0.0,21.58,86.28,91.40585777699802,22.87576454745377
2025-11-12,Chittagong,0.0,20.71,83.48,91.40585777699802,22.87576454745377
2025-11-13,Chittagong,0.0,20.45,84.16,91.40585777699802,22.87576454745377
2025-11-14,Chittagong,0.0,20.38,81.3,91.40585777699802,22.87576454745377
2025-11-15,Chittagong,0.0,20.16,81.09,91.40585777699802,22.87576454745377
2025-11-16,Chittagong,0.0,20.45,79.97,91.40585777699802,22.87576454745377
2025-11-17,Chittagong,0.0,21.5,82.76,91.40585777699802,22.87576454745377
2025-11-18,Chittagong,0.0,22.53,86.78,91.40585777699802,22.87576454745377
2025-11-19,Chittagong,0.0,22.04,82.27,91.40585777699802,22.87576454745377
2025-11-20,Chittagong,0.0,21.15,81.05,91.40585777699802,22.87576454745377
2025-11-21,Chittagong,0.0,20.75,77.71,91.40585777699802,22.87576454745377
2025-11-22,Chittagong,0.0,20.19,80.23,91.40585777699802,22.87576454745377
2025-11-23,Chittagong,0.0,19.67,81.31,91.40585777699802,22.87576454745377
2025-11-24,Chittagong,0.0,18.81,86.2,91.40585777699802,22.87576454745377
2025-11-25,Chittagong,0.0,19.24,83.41,91.40585777699802,22.87576454745377
2025-11-26,Chittagong,0.0,19.42,81.68,91.40585777699802,22.87576454745377
2025-11-27,Chittagong,0.0,19.99,84.02,91.40585777699802,22.87576454745377
2025-11-28,Chittagong,0.0,20.08,84.12,91.40585777699802,22.87576454745377
2025-11-29,Chittagong,0.0,19.97,75.83,91.40585777699802,22.87576454745377
2025-11-30,Chittagong,0.0,19.73,72.14,91.40585777699802,22.87576454745377
2025-12-01,Chittagong,0.0,19.37,84.31,91.40585777699802,22.87576454745377
2025-12-02,Chittagong,0.0,19.58,86.56,91.40585777699802,22.87576454745377
2025-12-03,Chittagong,0.0,18.32,83.86,91.40585777699802,22.87576454745377
2025-12-04,Chittagong,0.0,17.87,85.68,91.40585777699802,22.87576454745377
2025-12-05,Chittagong,0.0,18.23,86.39,91.40585777699802,22.87576454745377
2025-12-06,Chittagong,0.0,17.46,81.62,91.40585777699802,22.87576454745377
2025-12-07,Chittagong,0.0,17.09,82.7,91.40585777699802,22.87576454745377
2025-12-08,Chittagong,0.0,17.65,80.03,91.40585777699802,22.87576454745377
2025-12-09,Chittagong,0.0,18.52,74.35,91.40585777699802,22.87576454745377
2025-12-10,Chittagong,0.0,18.35,78.66,91.40585777699802,22.87576454745377
2025-12-11,Chittagong,0.0,17.8,81.89,91.40585777699802,22.87576454745377
2025-12-12,Chittagong,0.0,19.01,75.21,91.40585777699802,22.87576454745377
2025-12-13,Chittagong,0.0,19.32,78.73,91.40585777699802,22.87576454745377
2025-12-14,Chittagong,0.0,19.44,79.96,91.40585777699802,22.87576454745377
2025-12-15,Chittagong,0.12,18.92,79.85,91.40585777699802,22.87576454745377
2025-12-16,Chittagong,7.57,18.94,77.05,91.40585777699802,22.87576454745377
2025-12-17,Chittagong,0.0,18.1,80.75,91.40585777699802,22.87576454745377
2025-12-18,Chittagong,0.0,20.08,79.22,91.40585777699802,22.87576454745377
2025-12-19,Chittagong,0.0,19.75,80.61,91.40585777699802,22.87576454745377
2025-12-20,Chittagong,0.0,19.57,78.95,91.40585777699802,22.87576454745377
2025-12-21,Chittagong,0.0,18.43,83.82,91.40585777699802,22.87576454745377
2025-12-22,Chittagong,0.0,18.28,84.03,91.40585777699802,22.87576454745377
2025-12-23,Chittagong,0.0,17.82,84.29,91.40585777699802,22.87576454745377
2025-12-24,Chittagong,0.0,16.99,86.25,91.40585777699802,22.87576454745377
2025-12-25,Chittagong,0.0,15.63,83.59,91.40585777699802,22.87576454745377
2025-12-26,Chittagong,0.0,15.3,83.27,91.40585777699802,22.87576454745377
2025-12-27,Chittagong,0.0,15.62,82.64,91.40585777699802,22.87576454745377
2025-12-28,Chittagong,0.0,15.56,85.78,91.40585777699802,22.87576454745377
2025-12-29,Chittagong,0.0,14.63,87.7,91.40585777699802,22.87576454745377
2025-12-30,Chittagong,0.02,13.91,88.74,91.40585777699802,22.87576454745377
2025-12-31,Chittagong,0.0,13.66,87.0,91.40585777699802,22.87576454745377
2026-01-01,Chittagong,0.0,15.11,85.81,91.40585777699802,22.87576454745377
2026-01-02,Chittagong,0.0,15.35,85.49,91.40585777699802,22.87576454745377
2026-01-03,Chittagong,0.0,15.48,83.78,91.40585777699802,22.87576454745377
2026-01-04,Chittagong,0.0,14.82,84.35,91.40585777699802,22.87576454745377
2026-01-05,Chittagong,0.0,13.68,85.65,91.40585777699802,22.87576454745377
2026-01-06,Chittagong,0.0,13.43,85.86,91.40585777699802,22.87576454745377
2026-01-07,Chittagong,0.0,14.11,83.53,91.40585777699802,22.87576454745377
2026-01-08,Chittagong,0.0,14.56,80.46,91.40585777699802,22.87576454745377
2026-01-09,Chittagong,0.0,15.79,76.36,91.40585777699802,22.87576454745377
2026-01-10,Chittagong,0.0,16.1,80.43,91.40585777699802,22.87576454745377
2026-01-11,Chittagong,0.0,16.67,84.65,91.40585777699802,22.87576454745377
2026-01-12,Chittagong,0.06,16.7,84.94,91.40585777699802,22.87576454745377
2026-01-13,Chittagong,0.0,17.15,83.83,91.40585777699802,22.87576454745377
2026-01-14,Chittagong,0.0,17.04,82.53,91.40585777699802,22.87576454745377
2026-01-15,Chittagong,0.0,17.24,82.27,91.40585777699802,22.87576454745377
2026-01-16,Chittagong,0.0,16.81,82.65,91.40585777699802,22.87576454745377
2026-01-17,Chittagong,0.0,17.24,82.75,91.40585777699802,22.87576454745377
2026-01-18,Chittagong,0.0,18.25,76.84,91.40585777699802,22.87576454745377
2026-01-19,Chittagong,0.0,18.11,76.29,91.40585777699802,22.87576454745377
2026-01-20,Chittagong,0.0,18.14,76.9,91.40585777699802,22.87576454745377
2026-01-21,Chittagong,0.0,17.59,73.93,91.40585777699802,22.87576454745377
2026-01-22,Chittagong,0.0,16.9,73.35,91.40585777699802,22.87576454745377
2026-01-23,Chittagong,0.0,17.28,71.28,91.40585777699802,22.87576454745377
2026-01-24,Chittagong,0.0,17.62,68.8,91.40585777699802,22.87576454745377
2026-01-25,Chittagong,0.0,16.97,74.08,91.40585777699802,22.87576454745377
2026-01-26,Chittagong,0.0,17.41,77.37,91.40585777699802,22.87576454745377
2026-01-27,Chittagong,0.0,17.67,73.72,91.40585777699802,22.87576454745377
2026-01-28,Chittagong,0.0,18.64,66.08,91.40585777699802,22.87576454745377
2026-01-29,Chittagong,0.0,19.31,68.96,91.40585777699802,22.87576454745377
2026-01-30,Chittagong,0.0,18.61,78.42,91.40585777699802,22.87576454745377
2026-01-31,Chittagong,0.0,17.91,73.71,91.40585777699802,22.87576454745377
2026-02-01,Chittagong,0.0,17.68,77.23,91.40585777699802,22.87576454745377
2026-02-02,Chittagong,0.0,18.53,73.98,91.40585777699802,22.87576454745377
2026-02-03,Chittagong,0.0,19.45,65.89,91.40585777699802,22.87576454745377
2026-02-04,Chittagong,0.0,19.2,69.61,91.40585777699802,22.87576454745377
2026-02-05,Chittagong,0.0,18.85,66.79,91.40585777699802,22.87576454745377
2026-02-06,Chittagong,0.0,17.04,64.07,91.40585777699802,22.87576454745377
2026-02-07,Chittagong,0.0,16.3,68.96,91.40585777699802,22.87576454745377
2026-02-08,Chittagong,0.0,17.0,70.01,91.40585777699802,22.87576454745377
2026-02-09,Chittagong,0.0,17.54,63.3,91.40585777699802,22.87576454745377
2026-02-10,Chittagong,0.0,18.04,62.36,91.40585777699802,22.87576454745377
2026-02-11,Chittagong,0.0,19.11,66.71,91.40585777699802,22.87576454745377
2026-02-12,Chittagong,0.0,18.71,66.73,91.40585777699802,22.87576454745377
2026-02-13,Chittagong,0.0,18.56,63.04,91.40585777699802,22.87576454745377
2026-02-14,Chittagong,0.0,19.4,61.7,91.40585777699802,22.87576454745377
2026-02-15,Chittagong,0.0,19.29,59.81,91.40585777699802,22.87576454745377
2026-02-16,Chittagong,0.0,19.26,60.47,91.40585777699802,22.87576454745377
2026-02-17,Chittagong,0.0,20.72,59.4,91.40585777699802,22.87576454745377
2026-02-18,Chittagong,0.62,22.62,48.3,91.40585777699802,22.87576454745377
2026-02-19,Chittagong,0.0,22.69,44.33,91.40585777699802,22.87576454745377
2026-02-20,Chittagong,0.0,23.32,47.29,91.40585777699802,22.87576454745377
2026-02-21,Chittagong,0.0,22.58,54.97,91.40585777699802,22.87576454745377
2026-02-22,Chittagong,0.0,23.46,53.45,91.40585777699802,22.87576454745377
2026-02-23,Chittagong,0.0,24.7,51.98,91.40585777699802,22.87576454745377
2026-02-24,Chittagong,0.01,23.84,60.66,91.40585777699802,22.87576454745377
2026-02-25,Chittagong,0.0,23.72,58.67,91.40585777699802,22.87576454745377
2026-02-26,Chittagong,0.03,22.95,52.79,91.40585777699802,22.87576454745377
2026-02-27,Chittagong,0.0,23.26,45.62,91.40585777699802,22.87576454745377
2026-02-28,Chittagong,0.0,22.73,66.63,91.40585777699802,22.87576454745377
2026-03-01,Chittagong,0.0,23.37,75.69,91.40585777699802,22.87576454745377
2026-03-02,Chittagong,0.14,24.76,76.04,91.40585777699802,22.87576454745377
2026-03-03,Chittagong,0.46,25.72,63.81,91.40585777699802,22.87576454745377
2026-03-04,Chittagong,0.54,24.62,46.25,91.40585777699802,22.87576454745377
2026-03-05,Chittagong,0.0,24.65,46.79,91.40585777699802,22.87576454745377
2026-03-06,Chittagong,0.0,24.93,65.6,91.40585777699802,22.87576454745377
2026-03-07,Chittagong,0.0,24.55,75.29,91.40585777699802,22.87576454745377
2026-03-08,Chittagong,0.01,24.35,74.74,91.40585777699802,22.87576454745377
2026-03-09,Chittagong,1.2,24.68,74.68,91.40585777699802,22.87576454745377
2026-03-10,Chittagong,1.16,26.39,69.02,91.40585777699802,22.87576454745377
2026-03-11,Chittagong,0.95,26.22,72.55,91.40585777699802,22.87576454745377
2026-03-12,Chittagong,0.35,25.8,72.19,91.40585777699802,22.87576454745377
2026-03-13,Chittagong,4.83,25.55,79.47,91.40585777699802,22.87576454745377
2026-03-14,Chittagong,1.72,26.07,76.31,91.40585777699802,22.87576454745377
2026-03-15,Chittagong,0.17,25.89,75.78,91.40585777699802,22.87576454745377
2026-03-16,Chittagong,2.16,25.14,78.23,91.40585777699802,22.87576454745377
2026-03-17,Chittagong,5.34,24.93,79.93,91.40585777699802,22.87576454745377
2026-03-18,Chittagong,5.09,24.93,80.24,91.40585777699802,22.87576454745377
2026-03-19,Chittagong,4.24,24.53,78.87,91.40585777699802,22.87576454745377
2026-03-20,Chittagong,9.51,24.84,77.07,91.40585777699802,22.87576454745377
2026-03-21,Chittagong,5.17,22.98,73.27,91.40585777699802,22.87576454745377
2026-03-22,Chittagong,7.44,22.4,73.53,91.40585777699802,22.87576454745377
2026-03-23,Chittagong,0.07,24.03,62.93,91.40585777699802,22.87576454745377
2026-03-24,Chittagong,0.21,25.15,62.29,91.40585777699802,22.87576454745377
2026-03-25,Chittagong,0.31,25.99,69.5,91.40585777699802,22.87576454745377
2026-03-26,Chittagong,0.83,27.25,65.08,91.40585777699802,22.87576454745377
2026-03-27,Chittagong,0.52,27.57,64.6,91.40585777699802,22.87576454745377
2026-03-28,Chittagong,1.03,26.95,69.8,91.40585777699802,22.87576454745377
2026-03-29,Chittagong,0.27,26.75,66.94,91.40585777699802,22.87576454745377
2026-03-30,Chittagong,0.46,27.41,74.26,91.40585777699802,22.87576454745377
2026-03-31,Chittagong,6.54,26.72,75.02,91.40585777699802,22.87576454745377
2026-04-01,Chittagong,2.46,27.29,72.45,91.40585777699802,22.87576454745377
2026-04-02,Chittagong,3.02,28.38,72.69,91.40585777699802,22.87576454745377
2026-04-03,Chittagong,0.31,29.07,70.67,91.40585777699802,22.87576454745377
2026-04-04,Chittagong,4.15,29.0,71.52,91.40585777699802,22.87576454745377
2026-04-05,Chittagong,5.92,27.38,75.14,91.40585777699802,22.87576454745377
2026-04-06,Chittagong,2.64,27.97,61.0,91.40585777699802,22.87576454745377
2026-04-07,Chittagong,18.6,25.89,77.51,91.40585777699802,22.87576454745377
2026-04-08,Chittagong,11.74,26.35,69.86,91.40585777699802,22.87576454745377
2026-04-09,Chittagong,19.57,25.12,81.37,91.40585777699802,22.87576454745377
2026-04-10,Chittagong,1.35,25.83,72.07,91.40585777699802,22.87576454745377
2026-04-11,Chittagong,0.83,26.61,74.53,91.40585777699802,22.87576454745377
2026-04-12,Chittagong,0.0,27.72,73.16,91.40585777699802,22.87576454745377
2026-04-13,Chittagong,0.03,27.88,76.01,91.40585777699802,22.87576454745377
2026-04-14,Chittagong,0.59,27.93,76.35,91.40585777699802,22.87576454745377
2026-04-15,Chittagong,0.45,28.52,74.87,91.40585777699802,22.87576454745377
2026-04-16,Chittagong,0.42,28.6,73.31,91.40585777699802,22.87576454745377
2026-04-17,Chittagong,0.4,29.1,71.19,91.40585777699802,22.87576454745377
2026-04-18,Chittagong,0.22,28.94,72.39,91.40585777699802,22.87576454745377
2026-04-19,Chittagong,1.21,28.85,76.63,91.40585777699802,22.87576454745377
2026-04-20,Chittagong,0.22,29.0,75.58,91.40585777699802,22.87576454745377
2026-04-21,Chittagong,0.01,28.84,77.17,91.40585777699802,22.87576454745377
2026-04-22,Chittagong,0.07,28.59,79.18,91.40585777699802,22.87576454745377
2026-04-23,Chittagong,0.09,29.19,75.01,91.40585777699802,22.87576454745377
2026-04-24,Chittagong,0.05,29.66,71.86,91.40585777699802,22.87576454745377
2026-04-25,Chittagong,0.04,28.58,77.76,91.40585777699802,22.87576454745377
2026-04-26,Chittagong,2.78,28.36,75.64,91.40585777699802,22.87576454745377
2026-04-27,Chittagong,31.32,27.7,80.75,91.40585777699802,22.87576454745377
2026-04-28,Chittagong,67.4,27.16,88.82,91.40585777699802,22.87576454745377
2026-04-29,Chittagong,52.11,25.94,92.2,91.40585777699802,22.87576454745377
2026-04-30,Chittagong,22.49,24.99,89.9,91.40585777699802,22.87576454745377
2026-05-01,Chittagong,14.18,24.95,89.45,91.40585777699802,22.87576454745377
2026-05-02,Chittagong,16.51,26.21,86.38,91.40585777699802,22.87576454745377
2026-05-03,Chittagong,36.97,26.57,89.03,91.40585777699802,22.87576454745377
2026-05-04,Chittagong,15.6,26.64,86.27,91.40585777699802,22.87576454745377
2026-05-05,Chittagong,4.7,26.24,83.29,91.40585777699802,22.87576454745377
2026-05-06,Chittagong,7.83,26.86,83.52,91.40585777699802,22.87576454745377
2026-05-07,Chittagong,6.93,27.51,77.44,91.40585777699802,22.87576454745377
2026-05-08,Chittagong,0.46,27.32,76.27,91.40585777699802,22.87576454745377
2026-05-09,Chittagong,0.24,27.05,77.89,91.40585777699802,22.87576454745377
2026-05-10,Chittagong,1.48,27.17,78.38,91.40585777699802,22.87576454745377
2026-05-11,Chittagong,18.65,26.24,81.97,91.40585777699802,22.87576454745377
2026-05-12,Chittagong,2.75,26.62,82.18,91.40585777699802,22.87576454745377
2026-05-13,Chittagong,2.02,26.95,84.87,91.40585777699802,22.87576454745377
2026-05-14,Chittagong,18.18,27.79,86.22,91.40585777699802,22.87576454745377
2026-05-15,Chittagong,9.02,28.16,87.67,91.40585777699802,22.87576454745377
2026-05-16,Chittagong,11.06,28.06,88.16,91.40585777699802,22.87576454745377
2026-05-17,Chittagong,6.25,28.36,86.41,91.40585777699802,22.87576454745377
2026-05-18,Chittagong,10.21,28.43,86.71,91.40585777699802,22.87576454745377
2026-05-19,Chittagong,11.45,28.42,87.55,91.40585777699802,22.87576454745377
2026-05-20,Chittagong,1.94,28.57,84.29,91.40585777699802,22.87576454745377
2026-05-21,Chittagong,3.04,29.19,86.98,91.40585777699802,22.87576454745377
2026-05-22,Chittagong,6.66,29.14,89.12,91.40585777699802,22.87576454745377
2026-05-23,Chittagong,19.58,28.84,90.97,91.40585777699802,22.87576454745377
2026-05-24,Chittagong,14.54,28.83,91.04,91.40585777699802,22.87576454745377
2026-05-25,Chittagong,58.75,28.4,91.16,91.40585777699802,22.87576454745377
2026-05-26,Chittagong,57.54,28.3,89.38,91.40585777699802,22.87576454745377
2026-05-27,Chittagong,19.88,28.0,87.71,91.40585777699802,22.87576454745377
2026-05-28,Chittagong,31.49,27.3,88.42,91.40585777699802,22.87576454745377
2026-05-29,Chittagong,7.54,28.38,83.99,91.40585777699802,22.87576454745377
2026-05-30,Chittagong,9.2,29.45,78.18,91.40585777699802,22.87576454745377
2026-05-31,Chittagong,2.45,28.93,83.21,91.40585777699802,22.87576454745377
2026-06-01,Chittagong,2.62,28.81,86.03,91.40585777699802,22.87576454745377
2026-06-02,Chittagong,9.28,29.0,85.29,91.40585777699802,22.87576454745377
2026-06-03,Chittagong,0.24,28.98,86.88,91.40585777699802,22.87576454745377
2026-06-04,Chittagong,1.1,28.86,87.24,91.40585777699802,22.87576454745377
2026-06-05,Chittagong,3.84,28.74,91.05,91.40585777699802,22.87576454745377
2026-06-06,Chittagong,13.76,28.54,90.41,91.40585777699802,22.87576454745377
2026-06-07,Chittagong,19.35,28.22,90.81,91.40585777699802,22.87576454745377
2026-06-08,Chittagong,9.5,28.02,90.73,91.40585777699802,22.87576454745377
2026-06-09,Chittagong,12.49,28.12,91.11,91.40585777699802,22.87576454745377
2026-06-10,Chittagong,40.38,27.93,91.34,91.40585777699802,22.87576454745377
2026-06-11,Chittagong,3.47,27.99,90.04,91.40585777699802,22.87576454745377
2026-06-12,Chittagong,52.53,28.04,87.07,91.40585777699802,22.87576454745377
2026-06-13,Chittagong,13.52,27.75,89.22,91.40585777699802,22.87576454745377
2026-06-14,Chittagong,25.18,28.13,89.62,91.40585777699802,22.87576454745377
2026-06-15,Chittagong,5.47,27.93,87.89,91.40585777699802,22.87576454745377
2026-06-16,Chittagong,22.97,28.24,87.88,91.40585777699802,22.87576454745377
2026-06-17,Chittagong,17.64,28.31,87.34,91.40585777699802,22.87576454745377
2026-06-18,Chittagong,15.82,28.4,89.47,91.40585777699802,22.87576454745377
2026-06-19,Chittagong,21.03,28.21,89.69,91.40585777699802,22.87576454745377
2026-06-20,Chittagong,5.75,27.97,90.15,91.40585777699802,22.87576454745377
2026-06-21,Chittagong,26.28,27.68,92.29,91.40585777699802,22.87576454745377
2026-06-22,Chittagong,14.96,27.53,92.09,91.40585777699802,22.87576454745377
2026-06-23,Chittagong,5.54,27.79,88.5,91.40585777699802,22.87576454745377
2026-06-24,Chittagong,8.63,27.68,88.62,91.40585777699802,22.87576454745377
2026-06-25,Chittagong,12.61,27.83,87.59,91.40585777699802,22.87576454745377
2026-06-26,Chittagong,11.44,28.06,88.06,91.40585777699802,22.87576454745377
2026-06-27,Chittagong,3.19,28.35,88.46,91.40585777699802,22.87576454745377
2026-06-28,Chittagong,27.51,28.59,89.64,91.40585777699802,22.87576454745377
2026-06-29,Chittagong,17.79,28.62,92.01,91.40585777699802,22.87576454745377
2026-06-30,Chittagong,15.69,28.79,87.45,91.40585777699802,22.87576454745377
2026-07-01,Chittagong,11.99,27.9,89.4,91.40585777699802,22.87576454745377
2026-07-02,Chittagong,24.58,28.48,89.83,91.40585777699802,22.87576454745377
2026-07-03,Chittagong,4.5,28.19,92.22,91.40585777699802,22.87576454745377
2026-07-04,Chittagong,20.85,27.92,93.03,91.40585777699802,22.87576454745377
2026-07-05,Chittagong,36.21,27.63,94.32,91.40585777699802,22.87576454745377
2026-07-06,Chittagong,49.31,27.83,93.72,91.40585777699802,22.87576454745377
2026-07-07,Chittagong,106.28,27.91,93.62,91.40585777699802,22.87576454745377
2026-07-08,Chittagong,57.58,28.09,92.91,91.40585777699802,22.87576454745377
2026-07-09,Chittagong,40.84,28.23,91.92,91.40585777699802,22.87576454745377
2026-07-10,Chittagong,76.65,27.88,93.87,91.40585777699802,22.87576454745377
2026-07-11,Chittagong,27.9,28.04,92.94,91.40585777699802,22.87576454745377
2026-07-12,Chittagong,33.34,27.88,94.74,91.40585777699802,22.87576454745377
2026-07-13,Chittagong,52.44,27.43,92.05,91.40585777699802,22.87576454745377
2026-07-14,Chittagong,4.56,28.72,87.01,91.40585777699802,22.87576454745377
2026-07-15,Chittagong,9.01,27.84,90.56,91.40585777699802,22.87576454745377
2026-07-16,Chittagong,23.8,27.43,91.91,91.40585777699802,22.87576454745377
2026-07-17,Chittagong,31.73,27.47,92.68,91.40585777699802,22.87576454745377
2026-07-18,Chittagong,16.65,27.92,91.23,91.40585777699802,22.87576454745377
2026-07-19,Chittagong,23.95,27.89,92.08,91.40585777699802,22.87576454745377
2026-07-20,Chittagong,25.1,27.45,93.08,91.40585777699802,22.87576454745377
2026-07-21,Chittagong,14.78,27.04,94.22,91.40585777699802,22.87576454745377
2026-07-22,Chittagong,31.85,27.23,94.34,91.40585777699802,22.87576454745377
2026-07-23,Chittagong,26.07,27.19,90.94,91.40585777699802,22.87576454745377
2026-07-24,Chittagong,16.56,27.33,90.52,91.40585777699802,22.87576454745377
2026-07-25,Chittagong,9.7,27.42,90.57,91.40585777699802,22.87576454745377
2026-07-26,Chittagong,4.04,27.39,90.44,91.40585777699802,22.87576454745377
2026-07-27,Chittagong,13.21,27.48,91.53,91.40585777699802,22.87576454745377
2026-07-28,Chittagong,10.95,27.64,90.39,91.40585777699802,22.87576454745377
2026-07-29,Chittagong,31.45,27.53,91.25,91.40585777699802,22.87576454745377
2026-07-30,Chittagong,30.87,27.8,91.31,91.40585777699802,22.87576454745377
2026-07-31,Chittagong,19.58,27.54,92.02,91.40585777699802,22.87576454745377
2026-08-01,Chittagong,6.17,27.9,90.18,91.40585777699802,22.87576454745377
2026-08-02,Chittagong,10.25,27.53,93.01,91.40585777699802,22.87576454745377
2026-08-03,Chittagong,7.83,28.13,89.98,91.40585777699802,22.87576454745377
2026-08-04,Chittagong,11.5,28.13,89.93,91.40585777699802,22.87576454745377
2026-08-05,Chittagong,9.32,27.84,91.62,91.40585777699802,22.87576454745377
2026-08-06,Chittagong,23.03,26.93,95.92,91.40585777699802,22.87576454745377
2026-08-07,Chittagong,28.33,26.28,94.36,91.40585777699802,22.87576454745377
2026-08-08,Chittagong,22.66,27.59,90.81,91.40585777699802,22.87576454745377
2026-08-09,Chittagong,6.75,27.86,89.02,91.40585777699802,22.87576454745377
2026-08-10,Chittagong,13.89,27.86,89.32,91.40585777699802,22.87576454745377
2026-08-11,Chittagong,14.77,28.88,88.39,91.40585777699802,22.87576454745377
2026-08-12,Chittagong,8.57,28.05,89.63,91.40585777699802,22.87576454745377
2026-08-13,Chittagong,10.01,27.52,90.61,91.40585777699802,22.87576454745377
2026-08-14,Chittagong,9.32,27.9,89.44,91.40585777699802,22.87576454745377
2026-08-15,Chittagong,14.26,27.63,92.45,91.40585777699802,22.87576454745377
2026-08-16,Chittagong,26.93,27.23,91.0,91.40585777699802,22.87576454745377
2026-08-17,Chittagong,39.69,27.09,93.01,91.40585777699802,22.87576454745377
2026-08-18,Chittagong,13.26,27.56,91.85,91.40585777699802,22.87576454745377
2026-08-19,Chittagong,5.76,27.91,90.4,91.40585777699802,22.87576454745377
2026-08-20,Chittagong,7.59,28.13,90.0,91.40585777699802,22.87576454745377
2026-08-21,Chittagong,6.15,28.69,88.46,91.40585777699802,22.87576454745377
2026-08-22,Chittagong,9.61,28.67,88.89,91.40585777699802,22.87576454745377
2026-08-23,Chittagong,10.34,27.99,89.72,91.40585777699802,22.87576454745377
2026-08-24,Chittagong,12.29,27.51,90.94,91.40585777699802,22.87576454745377
2026-08-25,Chittagong,12.8,27.57,90.98,91.40585777699802,22.87576454745377
2026-08-26,Chittagong,7.77,28.06,89.89,91.40585777699802,22.87576454745377
2026-08-27,Chittagong,4.55,28.52,89.35,91.40585777699802,22.87576454745377
2026-08-28,Chittagong,2.5,27.12,92.87,91.40585777699802,22.87576454745377
2026-08-29,Chittagong,4.01,28.45,88.45,91.40585777699802,22.87576454745377
2026-08-30,Chittagong,7.24,27.78,89.94,91.40585777699802,22.87576454745377
2026-08-31,Chittagong,7.25,27.83,89.39,91.40585777699802,22.87576454745377
2026-09-01,Chittagong,9.09,27.49,90.32,91.40585777699802,22.87576454745377
2026-09-02,Chittagong,15.8,26.94,91.61,91.40585777699802,22.87576454745377
2026-09-03,Chittagong,47.42,26.63,92.74,91.40585777699802,22.87576454745377
2026-09-04,Chittagong,5.48,26.98,91.82,91.40585777699802,22.87576454745377
2026-09-05,Chittagong,5.06,27.11,91.88,91.40585777699802,22.87576454745377
2026-09-06,Chittagong,7.18,27.89,89.47,91.40585777699802,22.87576454745377
2026-09-07,Chittagong,4.8,28.24,89.73,91.40585777699802,22.87576454745377
2026-09-08,Chittagong,8.16,28.55,90.33,91.40585777699802,22.87576454745377
2026-09-09,Chittagong,5.39,28.12,92.1,91.40585777699802,22.87576454745377
2026-09-10,Chittagong,5.08,28.53,88.48,91.40585777699802,22.87576454745377
2026-09-11,Chittagong,6.92,27.08,91.68,91.40585777699802,22.87576454745377
2026-09-12,Chittagong,6.5,28.11,87.27,91.40585777699802,22.87576454745377
2026-09-13,Chittagong,5.39,28.68,83.97,91.40585777699802,22.87576454745377
2026-09-14,Chittagong,1.31,28.72,86.2,91.40585777699802,22.87576454745377
2026-09-15,Chittagong,1.28,29.07,84.05,91.40585777699802,22.87576454745377
2026-09-16,Chittagong,0.93,28.79,84.98,91.40585777699802,22.87576454745377
2026-09-17,Chittagong,0.82,28.12,85.33,91.40585777699802,22.87576454745377
2026-09-18,Chittagong,,,,91.40585777699802,22.87576454745377
2026-09-19,Chittagong,,,,91.40585777699802,22.87576454745377
2026-09-20,Chittagong,,,,91.40585777699802,22.87576454745377
2025-10-06,Dhaka,27.31,26.74,90.0,90.34423562469391,23.835644464755212
2025-10-07,Dhaka,6.88,27.44,84.02,90.34423562469391,23.835644464755212
2025-10-08,Dhaka,36.46,27.51,85.56,90.34423562469391,23.835644464755212
2025-10-09,Dhaka,20.21,27.08,85.83,90.34423562469391,23.835644464755212
2025-10-10,Dhaka,7.28,27.13,83.56,90.34423562469391,23.835644464755212
2025-10-11,Dhaka,16.46,27.19,82.85,90.34423562469391,23.835644464755212
2025-10-12,Dhaka,0.78,26.27,84.91,90.34423562469391,23.835644464755212
2025-10-13,Dhaka,0.26,25.73,85.68,90.34423562469391,23.835644464755212
2025-10-14,Dhaka,0.01,25.73,85.97,90.34423562469391,23.835644464755212
2025-10-15,Dhaka,0.0,25.48,83.41,90.34423562469391,23.835644464755212
2025-10-16,Dhaka,0.14,26.22,84.64,90.34423562469391,23.835644464755212
2025-10-17,Dhaka,0.28,26.73,85.06,90.34423562469391,23.835644464755212
2025-10-18,Dhaka,0.17,26.89,84.32,90.34423562469391,23.835644464755212
2025-10-19,Dhaka,0.03,26.35,83.3,90.34423562469391,23.835644464755212
2025-10-20,Dhaka,0.01,26.04,83.65,90.34423562469391,23.835644464755212
2025-10-21,Dhaka,0.0,26.03,80.08,90.34423562469391,23.835644464755212
2025-10-22,Dhaka,0.0,26.76,78.59,90.34423562469391,23.835644464755212
2025-10-23,Dhaka,0.02,26.73,81.12,90.34423562469391,23.835644464755212
2025-10-24,Dhaka,0.02,26.1,80.45,90.34423562469391,23.835644464755212
2025-10-25,Dhaka,0.0,26.23,78.32,90.34423562469391,23.835644464755212
2025-10-26,Dhaka,0.01,26.01,79.39,90.34423562469391,23.835644464755212
2025-10-27,Dhaka,0.0,26.21,79.22,90.34423562469391,23.835644464755212
2025-10-28,Dhaka,0.01,27.38,71.87,90.34423562469391,23.835644464755212
2025-10-29,Dhaka,3.32,27.34,76.23,90.34423562469391,23.835644464755212
2025-10-30,Dhaka,22.89,27.96,76.66,90.34423562469391,23.835644464755212
2025-10-31,Dhaka,5.82,28.26,79.4,90.34423562469391,23.835644464755212
2025-11-01,Dhaka,16.72,27.1,89.37,90.34423562469391,23.835644464755212
2025-11-02,Dhaka,40.83,26.22,90.54,90.34423562469391,23.835644464755212
2025-11-03,Dhaka,1.21,24.64,88.32,90.34423562469391,23.835644464755212
2025-11-04,Dhaka,0.5,24.74,86.11,90.34423562469391,23.835644464755212
2025-11-05,Dhaka,2.76,24.88,89.05,90.34423562469391,23.835644464755212
2025-11-06,Dhaka,3.54,25.62,86.33,90.34423562469391,23.835644464755212
2025-11-07,Dhaka,0.01,24.39,86.78,90.34423562469391,23.835644464755212
2025-11-08,Dhaka,0.0,23.17,87.05,90.34423562469391,23.835644464755212
2025-11-09,Dhaka,0.0,22.1,87.03,90.34423562469391,23.835644464755212
2025-11-10,Dhaka,0.0,22.21,87.26,90.34423562469391,23.835644464755212
2025-11-11,Dhaka,0.0,20.77,85.23,90.34423562469391,23.835644464755212
2025-11-12,Dhaka,0.0,19.93,80.96,90.34423562469391,23.835644464755212
2025-11-13,Dhaka,0.0,20.25,79.08,90.34423562469391,23.835644464755212
2025-11-14,Dhaka,0.0,20.99,75.51,90.34423562469391,23.835644464755212
2025-11-15,Dhaka,0.0,20.66,76.47,90.34423562469391,23.835644464755212
2025-11-16,Dhaka,0.0,20.75,74.23,90.34423562469391,23.835644464755212
2025-11-17,Dhaka,0.0,21.55,75.93,90.34423562469391,23.835644464755212
2025-11-18,Dhaka,0.0,21.55,81.45,90.34423562469391,23.835644464755212
2025-11-19,Dhaka,0.0,21.06,74.88,90.34423562469391,23.835644464755212
2025-11-20,Dhaka,0.0,20.65,75.32,90.34423562469391,23.835644464755212
2025-11-21,Dhaka,0.0,20.58,71.51,90.34423562469391,23.835644464755212
2025-11-22,Dhaka,0.0,20.08,77.61,90.34423562469391,23.835644464755212
2025-11-23,Dhaka,0.0,19.67,79.76,90.34423562469391,23.835644464755212
2025-11-24,Dhaka,0.0,18.54,84.39,90.34423562469391,23.835644464755212
2025-11-25,Dhaka,0.0,19.07,82.27,90.34423562469391,23.835644464755212
2025-11-26,Dhaka,0.0,19.83,77.22,90.34423562469391,23.835644464755212
2025-11-27,Dhaka,0.0,20.56,76.49,90.34423562469391,23.835644464755212
2025-11-28,Dhaka,0.0,20.26,77.24,90.34423562469391,23.835644464755212
2025-11-29,Dhaka,0.0,20.17,67.48,90.34423562469391,23.835644464755212
2025-11-30,Dhaka,0.0,19.71,78.55,90.34423562469391,23.835644464755212
2025-12-01,Dhaka,0.0,19.01,87.5,90.34423562469391,23.835644464755212
2025-12-02,Dhaka,0.0,18.78,81.55,90.34423562469391,23.835644464755212
2025-12-03,Dhaka,0.0,17.97,81.31,90.34423562469391,23.835644464755212
2025-12-04,Dhaka,0.0,18.38,83.85,90.34423562469391,23.835644464755212
2025-12-05,Dhaka,0.0,18.27,83.42,90.34423562469391,23.835644464755212
2025-12-06,Dhaka,0.0,17.77,79.87,90.34423562469391,23.835644464755212
2025-12-07,Dhaka,0.0,17.81,81.15,90.34423562469391,23.835644464755212
2025-12-08,Dhaka,0.0,18.06,81.31,90.34423562469391,23.835644464755212
2025-12-09,Dhaka,0.0,19.12,74.18,90.34423562469391,23.835644464755212
2025-12-10,Dhaka,0.0,19.05,74.55,90.34423562469391,23.835644464755212
2025-12-11,Dhaka,0.0,18.28,75.86,90.34423562469391,23.835644464755212
2025-12-12,Dhaka,0.0,18.98,70.02,90.34423562469391,23.835644464755212
2025-12-13,Dhaka,0.0,19.26,72.93,90.34423562469391,23.835644464755212
2025-12-14,Dhaka,0.0,19.44,74.68,90.34423562469391,23.835644464755212
2025-12-15,Dhaka,0.0,19.1,75.89,90.34423562469391,23.835644464755212
2025-12-16,Dhaka,0.0,18.85,76.88,90.34423562469391,23.835644464755212
2025-12-17,Dhaka,0.0,18.57,76.18,90.34423562469391,23.835644464755212
2025-12-18,Dhaka,0.0,19.71,75.02,90.34423562469391,23.835644464755212
2025-12-19,Dhaka,0.0,19.52,76.55,90.34423562469391,23.835644464755212
2025-12-20,Dhaka,0.0,18.48,79.96,90.34423562469391,23.835644464755212
2025-12-21,Dhaka,0.0,18.11,79.98,90.34423562469391,23.835644464755212
2025-12-22,Dhaka,0.0,18.03,79.04,90.34423562469391,23.835644464755212
2025-12-23,Dhaka,0.0,17.63,82.27,90.34423562469391,23.835644464755212
2025-12-24,Dhaka,0.0,16.8,82.51,90.34423562469391,23.835644464755212
2025-12-25,Dhaka,0.0,16.0,78.92,90.34423562469391,23.835644464755212
2025-12-26,Dhaka,0.0,16.13,75.93,90.34423562469391,23.835644464755212
2025-12-27,Dhaka,0.0,16.34,77.51,90.34423562469391,23.835644464755212
2025-12-28,Dhaka,0.0,15.79,82.24,90.34423562469391,23.835644464755212
2025-12-29,Dhaka,0.0,15.01,84.22,90.34423562469391,23.835644464755212
2025-12-30,Dhaka,0.21,13.9,86.43,90.34423562469391,23.835644464755212
2025-12-31,Dhaka,0.24,14.1,82.71,90.34423562469391,23.835644464755212
2026-01-01,Dhaka,0.0,15.82,80.35,90.34423562469391,23.835644464755212
2026-01-02,Dhaka,0.0,15.61,83.23,90.34423562469391,23.835644464755212
2026-01-03,Dhaka,0.0,15.75,80.48,90.34423562469391,23.835644464755212
2026-01-04,Dhaka,0.0,15.04,80.39,90.34423562469391,23.835644464755212
2026-01-05,Dhaka,0.0,14.24,81.21,90.34423562469391,23.835644464755212
2026-01-06,Dhaka,0.0,13.99,82.24,90.34423562469391,23.835644464755212
2026-01-07,Dhaka,0.0,14.97,78.82,90.34423562469391,23.835644464755212
2026-01-08,Dhaka,0.0,15.36,73.6,90.34423562469391,23.835644464755212
2026-01-09,Dhaka,0.0,15.86,75.69,90.34423562469391,23.835644464755212
2026-01-10,Dhaka,0.0,16.09,76.64,90.34423562469391,23.835644464755212
2026-01-11,Dhaka,0.0,16.83,78.34,90.34423562469391,23.835644464755212
2026-01-12,Dhaka,0.0,17.3,77.04,90.34423562469391,23.835644464755212
2026-01-13,Dhaka,0.0,17.47,76.8,90.34423562469391,23.835644464755212
2026-01-14,Dhaka,0.58,17.51,73.59,90.34423562469391,23.835644464755212
2026-01-15,Dhaka,0.0,17.59,72.99,90.34423562469391,23.835644464755212
2026-01-16,Dhaka,0.0,17.31,75.01,90.34423562469391,23.835644464755212
2026-01-17,Dhaka,0.0,17.89,74.34,90.34423562469391,23.835644464755212
2026-01-18,Dhaka,0.0,18.45,71.12,90.34423562469391,23.835644464755212
2026-01-19,Dhaka,0.0,18.66,72.49,90.34423562469391,23.835644464755212
2026-01-20,Dhaka,0.0,19.01,68.31,90.34423562469391,23.835644464755212
2026-01-21,Dhaka,0.0,18.82,63.94,90.34423562469391,23.835644464755212
2026-01-22,Dhaka,0.0,17.88,63.02,90.34423562469391,23.835644464755212
2026-01-23,Dhaka,0.0,18.12,61.45,90.34423562469391,23.835644464755212
2026-01-24,Dhaka,0.0,18.19,66.45,90.34423562469391,23.835644464755212
2026-01-25,Dhaka,0.0,18.42,71.8,90.34423562469391,23.835644464755212
2026-01-26,Dhaka,0.0,18.78,65.7,90.34423562469391,23.835644464755212
2026-01-27,Dhaka,0.0,18.5,66.35,90.34423562469391,23.835644464755212
2026-01-28,Dhaka,0.0,19.34,63.48,90.34423562469391,23.835644464755212
2026-01-29,Dhaka,0.0,20.0,67.14,90.34423562469391,23.835644464755212
2026-01-30,Dhaka,0.0,19.46,68.26,90.34423562469391,23.835644464755212
2026-01-31,Dhaka,0.0,18.84,63.84,90.34423562469391,23.835644464755212
2026-02-01,Dhaka,0.0,18.84,69.93,90.34423562469391,23.835644464755212
2026-02-02,Dhaka,0.0,19.76,68.99,90.34423562469391,23.835644464755212
2026-02-03,Dhaka,0.0,20.59,63.15,90.34423562469391,23.835644464755212
2026-02-04,Dhaka,0.0,20.44,63.16,90.34423562469391,23.835644464755212
2026-02-05,Dhaka,0.0,19.95,55.08,90.34423562469391,23.835644464755212
2026-02-06,Dhaka,0.0,18.29,51.35,90.34423562469391,23.835644464755212
2026-02-07,Dhaka,0.0,17.47,57.54,90.34423562469391,23.835644464755212
2026-02-08,Dhaka,0.0,18.5,57.97,90.34423562469391,23.835644464755212
2026-02-09,Dhaka,0.0,18.66,53.18,90.34423562469391,23.835644464755212
2026-02-10,Dhaka,0.0,19.24,57.93,90.34423562469391,23.835644464755212
2026-02-11,Dhaka,0.0,19.98,57.54,90.34423562469391,23.835644464755212
2026-02-12,Dhaka,0.0,19.89,52.69,90.34423562469391,23.835644464755212
2026-02-13,Dhaka,0.0,20.24,50.94,90.34423562469391,23.835644464755212
2026-02-14,Dhaka,0.0,20.5,52.26,90.34423562469391,23.835644464755212
2026-02-15,Dhaka,0.0,20.98,47.65,90.34423562469391,23.835644464755212
2026-02-16,Dhaka,0.0,20.64,49.35,90.34423562469391,23.835644464755212
2026-02-17,Dhaka,0.0,21.78,52.56,90.34423562469391,23.835644464755212
2026-02-18,Dhaka,0.0,23.14,46.51,90.34423562469391,23.835644464755212
2026-02-19,Dhaka,0.0,23.32,44.02,90.34423562469391,23.835644464755212
2026-02-20,Dhaka,0.0,23.69,46.1,90.34423562469391,23.835644464755212
2026-02-21,Dhaka,0.0,23.68,47.88,90.34423562469391,23.835644464755212
2026-02-22,Dhaka,0.0,24.18,49.01,90.34423562469391,23.835644464755212
2026-02-23,Dhaka,0.0,24.79,51.71,90.34423562469391,23.835644464755212
2026-02-24,Dhaka,0.03,24.47,50.88,90.34423562469391,23.835644464755212
2026-02-25,Dhaka,0.01,23.57,51.61,90.34423562469391,23.835644464755212
2026-02-26,Dhaka,0.15,23.63,45.21,90.34423562469391,23.835644464755212
2026-02-27,Dhaka,0.0,23.86,38.3,90.34423562469391,23.835644464755212
2026-02-28,Dhaka,0.0,24.1,37.02,90.34423562469391,23.835644464755212
2026-03-01,Dhaka,0.0,24.37,56.26,90.34423562469391,23.835644464755212
2026-03-02,Dhaka,0.02,25.89,63.21,90.34423562469391,23.835644464755212
2026-03-03,Dhaka,0.45,25.11,55.09,90.34423562469391,23.835644464755212
2026-03-04,Dhaka,0.46,24.62,43.16,90.34423562469391,23.835644464755212
2026-03-05,Dhaka,0.0,25.87,41.64,90.34423562469391,23.835644464755212
2026-03-06,Dhaka,0.0,26.47,44.43,90.34423562469391,23.835644464755212
2026-03-07,Dhaka,0.0,25.6,59.01,90.34423562469391,23.835644464755212
2026-03-08,Dhaka,0.0,26.06,61.95,90.34423562469391,23.835644464755212
2026-03-09,Dhaka,0.1,26.09,65.06,90.34423562469391,23.835644464755212
2026-03-10,Dhaka,0.0,27.5,57.91,90.34423562469391,23.835644464755212
2026-03-11,Dhaka,0.03,28.05,55.49,90.34423562469391,23.835644464755212
2026-03-12,Dhaka,0.15,27.46,62.71,90.34423562469391,23.835644464755212
2026-03-13,Dhaka,9.01,26.96,71.12,90.34423562469391,23.835644464755212
2026-03-14,Dhaka,10.47,26.72,74.59,90.34423562469391,23.835644464755212
2026-03-15,Dhaka,5.13,26.88,70.6,90.34423562469391,23.835644464755212
2026-03-16,Dhaka,8.47,26.41,71.28,90.34423562469391,23.835644464755212
2026-03-17,Dhaka,8.69,25.67,72.94,90.34423562469391,23.835644464755212
2026-03-18,Dhaka,14.62,26.0,74.95,90.34423562469391,23.835644464755212
2026-03-19,Dhaka,7.06,24.77,76.42,90.34423562469391,23.835644464755212
2026-03-20,Dhaka,11.67,24.46,74.31,90.34423562469391,23.835644464755212
2026-03-21,Dhaka,5.28,22.55,77.57,90.34423562469391,23.835644464755212
2026-03-22,Dhaka,5.38,22.46,71.36,90.34423562469391,23.835644464755212
2026-03-23,Dhaka,0.01,23.84,61.2,90.34423562469391,23.835644464755212
2026-03-24,Dhaka,1.91,25.15,61.79,90.34423562469391,23.835644464755212
2026-03-25,Dhaka,8.05,26.27,68.92,90.34423562469391,23.835644464755212
2026-03-26,Dhaka,10.57,26.72,64.7,90.34423562469391,23.835644464755212
2026-03-27,Dhaka,5.32,27.01,60.86,90.34423562469391,23.835644464755212
2026-03-28,Dhaka,15.43,25.28,78.03,90.34423562469391,23.835644464755212
2026-03-29,Dhaka,0.3,26.17,69.4,90.34423562469391,23.835644464755212
2026-03-30,Dhaka,1.52,27.65,72.85,90.34423562469391,23.835644464755212
2026-03-31,Dhaka,11.89,27.28,73.25,90.34423562469391,23.835644464755212
2026-04-01,Dhaka,2.92,27.85,70.01,90.34423562469391,23.835644464755212
2026-04-02,Dhaka,17.12,28.68,71.69,90.34423562469391,23.835644464755212
2026-04-03,Dhaka,11.79,29.06,71.19,90.34423562469391,23.835644464755212
2026-04-04,Dhaka,1.46,29.31,67.61,90.34423562469391,23.835644464755212
2026-04-05,Dhaka,1.07,26.95,72.71,90.34423562469391,23.835644464755212
2026-04-06,Dhaka,0.46,27.32,63.85,90.34423562469391,23.835644464755212
2026-04-07,Dhaka,6.56,26.21,69.26,90.34423562469391,23.835644464755212
2026-04-08,Dhaka,5.2,26.26,68.47,90.34423562469391,23.835644464755212
2026-04-09,Dhaka,20.5,24.82,78.24,90.34423562469391,23.835644464755212
2026-04-10,Dhaka,11.58,25.47,68.72,90.34423562469391,23.835644464755212
2026-04-11,Dhaka,1.05,26.11,61.73,90.34423562469391,23.835644464755212
2026-04-12,Dhaka,0.02,27.22,67.76,90.34423562469391,23.835644464755212
2026-04-13,Dhaka,0.66,28.3,72.23,90.34423562469391,23.835644464755212
2026-04-14,Dhaka,14.35,28.31,76.97,90.34423562469391,23.835644464755212
2026-04-15,Dhaka,17.11,28.56,75.74,90.34423562469391,23.835644464755212
2026-04-16,Dhaka,12.29,28.51,76.53,90.34423562469391,23.835644464755212
2026-04-17,Dhaka,6.78,28.81,72.72,90.34423562469391,23.835644464755212
2026-04-18,Dhaka,3.38,28.72,74.24,90.34423562469391,23.835644464755212
2026-04-19,Dhaka,7.8,29.15,76.75,90.34423562469391,23.835644464755212
2026-04-20,Dhaka,4.35,29.46,76.2,90.34423562469391,23.835644464755212
2026-04-21,Dhaka,2.9,29.63,75.83,90.34423562469391,23.835644464755212
2026-04-22,Dhaka,1.41,29.54,76.13,90.34423562469391,23.835644464755212
2026-04-23,Dhaka,0.67,29.62,72.68,90.34423562469391,23.835644464755212
2026-04-24,Dhaka,1.42,29.64,73.55,90.34423562469391,23.835644464755212
2026-04-25,Dhaka,0.07,29.03,76.08,90.34423562469391,23.835644464755212
2026-04-26,Dhaka,7.21,28.76,72.74,90.34423562469391,23.835644464755212
2026-04-27,Dhaka,55.7,27.27,83.63,90.34423562469391,23.835644464755212
2026-04-28,Dhaka,42.03,27.76,88.44,90.34423562469391,23.835644464755212
2026-04-29,Dhaka,56.0,25.77,92.06,90.34423562469391,23.835644464755212
2026-04-30,Dhaka,17.55,24.99,89.15,90.34423562469391,23.835644464755212
2026-05-01,Dhaka,17.28,24.87,89.71,90.34423562469391,23.835644464755212
2026-05-02,Dhaka,13.64,25.98,85.56,90.34423562469391,23.835644464755212
2026-05-03,Dhaka,23.13,26.56,87.84,90.34423562469391,23.835644464755212
2026-05-04,Dhaka,17.84,26.6,86.84,90.34423562469391,23.835644464755212
2026-05-05,Dhaka,2.49,26.61,83.53,90.34423562469391,23.835644464755212
2026-05-06,Dhaka,6.73,27.05,82.83,90.34423562469391,23.835644464755212
2026-05-07,Dhaka,33.02,27.36,78.14,90.34423562469391,23.835644464755212
2026-05-08,Dhaka,2.4,26.81,77.82,90.34423562469391,23.835644464755212
2026-05-09,Dhaka,0.38,26.87,77.84,90.34423562469391,23.835644464755212
2026-05-10,Dhaka,3.15,26.93,78.34,90.34423562469391,23.835644464755212
2026-05-11,Dhaka,19.57,25.97,85.27,90.34423562469391,23.835644464755212
2026-05-12,Dhaka,1.6,26.65,83.81,90.34423562469391,23.835644464755212
2026-05-13,Dhaka,10.23,27.02,86.62,90.34423562469391,23.835644464755212
2026-05-14,Dhaka,26.12,27.75,88.31,90.34423562469391,23.835644464755212
2026-05-15,Dhaka,6.16,28.36,87.01,90.34423562469391,23.835644464755212
2026-05-16,Dhaka,14.82,28.41,87.88,90.34423562469391,23.835644464755212
2026-05-17,Dhaka,28.58,28.72,86.69,90.34423562469391,23.835644464755212
2026-05-18,Dhaka,21.35,28.8,86.53,90.34423562469391,23.835644464755212
2026-05-19,Dhaka,22.45,28.64,87.36,90.34423562469391,23.835644464755212
2026-05-20,Dhaka,0.38,28.79,83.58,90.34423562469391,23.835644464755212
2026-05-21,Dhaka,3.9,29.36,86.93,90.34423562469391,23.835644464755212
2026-05-22,Dhaka,11.76,29.37,87.41,90.34423562469391,23.835644464755212
2026-05-23,Dhaka,4.7,29.55,88.08,90.34423562469391,23.835644464755212
2026-05-24,Dhaka,17.91,29.17,89.41,90.34423562469391,23.835644464755212
2026-05-25,Dhaka,34.53,28.48,91.58,90.34423562469391,23.835644464755212
2026-05-26,Dhaka,64.34,28.24,88.95,90.34423562469391,23.835644464755212
2026-05-27,Dhaka,32.83,27.67,88.47,90.34423562469391,23.835644464755212
2026-05-28,Dhaka,30.01,27.06,88.77,90.34423562469391,23.835644464755212
2026-05-29,Dhaka,11.31,28.32,82.42,90.34423562469391,23.835644464755212
2026-05-30,Dhaka,1.21,29.11,77.81,90.34423562469391,23.835644464755212
2026-05-31,Dhaka,0.04,29.57,78.52,90.34423562469391,23.835644464755212
2026-06-01,Dhaka,0.32,29.64,81.18,90.34423562469391,23.835644464755212
2026-06-02,Dhaka,3.87,28.82,87.32,90.34423562469391,23.835644464755212
2026-06-03,Dhaka,1.54,28.75,87.01,90.34423562469391,23.835644464755212
2026-06-04,Dhaka,1.3,29.02,87.88,90.34423562469391,23.835644464755212
2026-06-05,Dhaka,8.11,28.64,91.77,90.34423562469391,23.835644464755212
2026-06-06,Dhaka,10.02,28.88,88.54,90.34423562469391,23.835644464755212
2026-06-07,Dhaka,17.1,28.66,88.84,90.34423562469391,23.835644464755212
2026-06-08,Dhaka,8.95,28.16,90.75,90.34423562469391,23.835644464755212
2026-06-09,Dhaka,11.21,28.62,89.88,90.34423562469391,23.835644464755212
2026-06-10,Dhaka,24.71,27.96,91.65,90.34423562469391,23.835644464755212
2026-06-11,Dhaka,11.4,27.93,90.38,90.34423562469391,23.835644464755212
2026-06-12,Dhaka,20.79,28.56,84.89,90.34423562469391,23.835644464755212
2026-06-13,Dhaka,24.33,27.69,90.58,90.34423562469391,23.835644464755212
2026-06-14,Dhaka,24.3,28.04,90.97,90.34423562469391,23.835644464755212
2026-06-15,Dhaka,10.63,28.26,88.69,90.34423562469391,23.835644464755212
2026-06-16,Dhaka,15.41,28.45,88.4,90.34423562469391,23.835644464755212
2026-06-17,Dhaka,8.74,28.6,88.25,90.34423562469391,23.835644464755212
2026-06-18,Dhaka,15.94,28.6,89.33,90.34423562469391,23.835644464755212
2026-06-19,Dhaka,24.41,28.02,89.23,90.34423562469391,23.835644464755212
2026-06-20,Dhaka,4.7,28.24,88.47,90.34423562469391,23.835644464755212
2026-06-21,Dhaka,22.2,28.03,92.46,90.34423562469391,23.835644464755212
2026-06-22,Dhaka,45.11,27.79,91.48,90.34423562469391,23.835644464755212
2026-06-23,Dhaka,4.44,28.09,90.0,90.34423562469391,23.835644464755212
2026-06-24,Dhaka,4.51,28.35,89.66,90.34423562469391,23.835644464755212
2026-06-25,Dhaka,12.35,28.51,87.59,90.34423562469391,23.835644464755212
2026-06-26,Dhaka,5.89,28.65,87.27,90.34423562469391,23.835644464755212
2026-06-27,Dhaka,3.82,29.0,87.7,90.34423562469391,23.835644464755212
2026-06-28,Dhaka,0.43,29.24,87.33,90.34423562469391,23.835644464755212
2026-06-29,Dhaka,4.69,29.2,88.7,90.34423562469391,23.835644464755212
2026-06-30,Dhaka,9.97,29.24,85.76,90.34423562469391,23.835644464755212
2026-07-01,Dhaka,10.25,28.77,87.52,90.34423562469391,23.835644464755212
2026-07-02,Dhaka,7.79,28.83,88.73,90.34423562469391,23.835644464755212
2026-07-03,Dhaka,2.74,28.33,92.44,90.34423562469391,23.835644464755212
2026-07-04,Dhaka,17.57,27.93,92.37,90.34423562469391,23.835644464755212
2026-07-05,Dhaka,7.45,28.04,92.51,90.34423562469391,23.835644464755212
2026-07-06,Dhaka,7.09,28.18,92.47,90.34423562469391,23.835644464755212
2026-07-07,Dhaka,32.73,28.42,91.92,90.34423562469391,23.835644464755212
2026-07-08,Dhaka,75.92,28.79,90.66,90.34423562469391,23.835644464755212
2026-07-09,Dhaka,32.51,28.76,89.79,90.34423562469391,23.835644464755212
2026-07-10,Dhaka,51.03,28.58,91.59,90.34423562469391,23.835644464755212
2026-07-11,Dhaka,47.5,28.59,91.33,90.34423562469391,23.835644464755212
2026-07-12,Dhaka,44.04,28.55,92.51,90.34423562469391,23.835644464755212
2026-07-13,Dhaka,45.32,28.27,92.47,90.34423562469391,23.835644464755212
2026-07-14,Dhaka,18.53,28.76,88.65,90.34423562469391,23.835644464755212
2026-07-15,Dhaka,5.77,28.4,90.38,90.34423562469391,23.835644464755212
2026-07-16,Dhaka,13.43,27.76,91.8,90.34423562469391,23.835644464755212
2026-07-17,Dhaka,11.07,27.9,92.01,90.34423562469391,23.835644464755212
2026-07-18,Dhaka,10.11,28.48,90.58,90.34423562469391,23.835644464755212
2026-07-19,Dhaka,12.18,28.02,92.27,90.34423562469391,23.835644464755212
2026-07-20,Dhaka,22.25,27.5,92.87,90.34423562469391,23.835644464755212
2026-07-21,Dhaka,19.49,26.87,92.99,90.34423562469391,23.835644464755212
2026-07-22,Dhaka,19.38,27.66,92.04,90.34423562469391,23.835644464755212
2026-07-23,Dhaka,14.64,27.62,89.63,90.34423562469391,23.835644464755212
2026-07-24,Dhaka,9.3,27.87,89.51,90.34423562469391,23.835644464755212
2026-07-25,Dhaka,2.84,27.94,89.84,90.34423562469391,23.835644464755212
2026-07-26,Dhaka,3.7,28.18,88.78,90.34423562469391,23.835644464755212
2026-07-27,Dhaka,3.31,28.07,89.86,90.34423562469391,23.835644464755212
2026-07-28,Dhaka,3.73,27.98,89.74,90.34423562469391,23.835644464755212
2026-07-29,Dhaka,13.64,27.61,91.55,90.34423562469391,23.835644464755212
2026-07-30,Dhaka,17.83,27.98,91.11,90.34423562469391,23.835644464755212
2026-07-31,Dhaka,12.2,28.31,89.96,90.34423562469391,23.835644464755212
2026-08-01,Dhaka,11.44,27.57,93.16,90.34423562469391,23.835644464755212
2026-08-02,Dhaka,12.06,28.29,91.23,90.34423562469391,23.835644464755212
2026-08-03,Dhaka,37.27,28.93,89.32,90.34423562469391,23.835644464755212
2026-08-04,Dhaka,44.72,27.95,92.28,90.34423562469391,23.835644464755212
2026-08-05,Dhaka,10.76,27.41,94.51,90.34423562469391,23.835644464755212
2026-08-06,Dhaka,11.62,27.74,92.59,90.34423562469391,23.835644464755212
2026-08-07,Dhaka,10.97,27.37,90.68,90.34423562469391,23.835644464755212
2026-08-08,Dhaka,11.02,27.26,92.15,90.34423562469391,23.835644464755212
2026-08-09,Dhaka,3.67,28.38,88.8,90.34423562469391,23.835644464755212
2026-08-10,Dhaka,5.21,28.92,87.14,90.34423562469391,23.835644464755212
2026-08-11,Dhaka,11.9,29.44,87.12,90.34423562469391,23.835644464755212
2026-08-12,Dhaka,10.92,29.14,89.04,90.34423562469391,23.835644464755212
2026-08-13,Dhaka,6.85,27.75,90.48,90.34423562469391,23.835644464755212
2026-08-14,Dhaka,4.67,28.45,88.47,90.34423562469391,23.835644464755212
2026-08-15,Dhaka,7.57,28.39,90.94,90.34423562469391,23.835644464755212
2026-08-16,Dhaka,16.24,27.93,89.54,90.34423562469391,23.835644464755212
2026-08-17,Dhaka,28.07,27.22,92.53,90.34423562469391,23.835644464755212
2026-08-18,Dhaka,10.34,28.02,91.01,90.34423562469391,23.835644464755212
2026-08-19,Dhaka,5.88,28.57,89.45,90.34423562469391,23.835644464755212
2026-08-20,Dhaka,6.83,28.33,90.02,90.34423562469391,23.835644464755212
2026-08-21,Dhaka,6.19,29.4,87.56,90.34423562469391,23.835644464755212
2026-08-22,Dhaka,6.18,29.82,88.04,90.34423562469391,23.835644464755212
2026-08-23,Dhaka,9.38,28.51,89.59,90.34423562469391,23.835644464755212
2026-08-24,Dhaka,8.78,27.67,91.78,90.34423562469391,23.835644464755212
2026-08-25,Dhaka,9.77,28.13,90.38,90.34423562469391,23.835644464755212
2026-08-26,Dhaka,8.1,28.81,88.84,90.34423562469391,23.835644464755212
2026-08-27,Dhaka,6.07,29.06,88.59,90.34423562469391,23.835644464755212
2026-08-28,Dhaka,2.61,28.42,90.07,90.34423562469391,23.835644464755212
2026-08-29,Dhaka,3.84,29.23,87.12,90.34423562469391,23.835644464755212
2026-08-30,Dhaka,10.32,28.65,88.19,90.34423562469391,23.835644464755212
2026-08-31,Dhaka,9.66,28.13,89.35,90.34423562469391,23.835644464755212
2026-09-01,Dhaka,8.83,27.72,90.63,90.34423562469391,23.835644464755212
2026-09-02,Dhaka,19.3,27.54,90.79,90.34423562469391,23.835644464755212
2026-09-03,Dhaka,15.14,26.54,93.61,90.34423562469391,23.835644464755212
2026-09-04,Dhaka,9.49,27.59,90.11,90.34423562469391,23.835644464755212
2026-09-05,Dhaka,6.26,27.95,89.76,90.34423562469391,23.835644464755212
2026-09-06,Dhaka,19.48,27.4,91.91,90.34423562469391,23.835644464755212
2026-09-07,Dhaka,4.76,28.63,88.4,90.34423562469391,23.835644464755212
2026-09-08,Dhaka,6.92,29.19,88.84,90.34423562469391,23.835644464755212
2026-09-09,Dhaka,5.59,28.39,91.85,90.34423562469391,23.835644464755212
2026-09-10,Dhaka,5.89,29.23,87.48,90.34423562469391,23.835644464755212
2026-09-11,Dhaka,4.91,27.78,90.08,90.34423562469391,23.835644464755212
2026-09-12,Dhaka,3.68,28.29,87.39,90.34423562469391,23.835644464755212
2026-09-13,Dhaka,3.09,29.04,82.82,90.34423562469391,23.835644464755212
2026-09-14,Dhaka,1.41,29.6,80.0,90.34423562469391,23.835644464755212
2026-09-15,Dhaka,1.17,29.71,79.64,90.34423562469391,23.835644464755212
2026-09-16,Dhaka,2.4,29.31,80.87,90.34423562469391,23.835644464755212
2026-09-17,Dhaka,2.09,28.41,84.45,90.34423562469391,23.835644464755212
2026-09-18,Dhaka,,,,90.34423562469391,23.835644464755212
2026-09-19,Dhaka,,,,90.34423562469391,23.835644464755212
2026-09-20,Dhaka,,,,90.34423562469391,23.835644464755212
2025-10-06,Mymensingh,32.52,26.64,84.99,90.3689267230158,24.82572234438876
2025-10-07,Mymensingh,3.67,26.84,78.97,90.3689267230158,24.82572234438876
2025-10-08,Mymensingh,32.82,26.78,83.99,90.3689267230158,24.82572234438876
2025-10-09,Mymensingh,1.32,26.71,84.22,90.3689267230158,24.82572234438876
2025-10-10,Mymensingh,4.52,26.96,80.71,90.3689267230158,24.82572234438876
2025-10-11,Mymensingh,11.5,26.9,80.75,90.3689267230158,24.82572234438876
2025-10-12,Mymensingh,0.09,25.61,84.29,90.3689267230158,24.82572234438876
2025-10-13,Mymensingh,0.01,25.55,84.22,90.3689267230158,24.82572234438876
2025-10-14,Mymensingh,0.0,25.98,83.73,90.3689267230158,24.82572234438876
2025-10-15,Mymensingh,0.0,26.06,84.67,90.3689267230158,24.82572234438876
2025-10-16,Mymensingh,0.0,26.66,83.94,90.3689267230158,24.82572234438876
2025-10-17,Mymensingh,0.0,26.66,82.88,90.3689267230158,24.82572234438876
2025-10-18,Mymensingh,0.01,26.62,79.4,90.3689267230158,24.82572234438876
2025-10-19,Mymensingh,0.0,26.5,74.47,90.3689267230158,24.82572234438876
2025-10-20,Mymensingh,0.0,26.38,73.89,90.3689267230158,24.82572234438876
2025-10-21,Mymensingh,0.0,26.59,72.67,90.3689267230158,24.82572234438876
2025-10-22,Mymensingh,0.0,27.05,77.71,90.3689267230158,24.82572234438876
2025-10-23,Mymensingh,0.0,26.81,80.66,90.3689267230158,24.82572234438876
2025-10-24,Mymensingh,0.33,25.99,80.64,90.3689267230158,24.82572234438876
2025-10-25,Mymensingh,0.01,25.44,78.98,90.3689267230158,24.82572234438876
2025-10-26,Mymensingh,0.01,25.56,76.9,90.3689267230158,24.82572234438876
2025-10-27,Mymensingh,0.34,26.05,74.66,90.3689267230158,24.82572234438876
2025-10-28,Mymensingh,0.0,26.64,67.61,90.3689267230158,24.82572234438876
2025-10-29,Mymensingh,0.87,26.07,74.21,90.3689267230158,24.82572234438876
2025-10-30,Mymensingh,21.45,26.26,80.45,90.3689267230158,24.82572234438876
2025-10-31,Mymensingh,12.92,26.42,84.8,90.3689267230158,24.82572234438876
2025-11-01,Mymensingh,29.37,25.9,90.88,90.3689267230158,24.82572234438876
2025-11-02,Mymensingh,27.36,25.67,91.23,90.3689267230158,24.82572234438876
2025-11-03,Mymensingh,1.15,24.3,87.32,90.3689267230158,24.82572234438876
2025-11-04,Mymensingh,0.23,25.01,83.86,90.3689267230158,24.82572234438876
2025-11-05,Mymensingh,3.67,25.03,83.99,90.3689267230158,24.82572234438876
2025-11-06,Mymensingh,5.28,24.97,84.33,90.3689267230158,24.82572234438876
2025-11-07,Mymensingh,0.08,24.05,84.54,90.3689267230158,24.82572234438876
2025-11-08,Mymensingh,0.0,23.54,81.41,90.3689267230158,24.82572234438876
2025-11-09,Mymensingh,0.0,23.01,77.01,90.3689267230158,24.82572234438876
2025-11-10,Mymensingh,0.0,22.12,80.49,90.3689267230158,24.82572234438876
2025-11-11,Mymensingh,0.0,20.98,83.39,90.3689267230158,24.82572234438876
2025-11-12,Mymensingh,0.0,20.64,77.7,90.3689267230158,24.82572234438876
2025-11-13,Mymensingh,0.0,20.93,74.9,90.3689267230158,24.82572234438876
2025-11-14,Mymensingh,0.0,21.56,73.34,90.3689267230158,24.82572234438876
2025-11-15,Mymensingh,0.0,20.92,73.52,90.3689267230158,24.82572234438876
2025-11-16,Mymensingh,0.0,20.95,74.19,90.3689267230158,24.82572234438876
2025-11-17,Mymensingh,0.0,21.49,77.12,90.3689267230158,24.82572234438876
2025-11-18,Mymensingh,0.0,21.73,76.72,90.3689267230158,24.82572234438876
2025-11-19,Mymensingh,0.0,21.69,74.23,90.3689267230158,24.82572234438876
2025-11-20,Mymensingh,0.0,20.64,71.41,90.3689267230158,24.82572234438876
2025-11-21,Mymensingh,0.0,20.06,70.6,90.3689267230158,24.82572234438876
2025-11-22,Mymensingh,0.0,19.74,75.34,90.3689267230158,24.82572234438876
2025-11-23,Mymensingh,0.0,19.18,80.63,90.3689267230158,24.82572234438876
2025-11-24,Mymensingh,0.0,18.58,81.36,90.3689267230158,24.82572234438876
2025-11-25,Mymensingh,0.0,19.51,77.38,90.3689267230158,24.82572234438876
2025-11-26,Mymensingh,0.0,20.27,72.77,90.3689267230158,24.82572234438876
2025-11-27,Mymensingh,0.0,20.54,76.05,90.3689267230158,24.82572234438876
2025-11-28,Mymensingh,0.0,20.15,79.59,90.3689267230158,24.82572234438876
2025-11-29,Mymensingh,0.0,20.04,76.24,90.3689267230158,24.82572234438876
2025-11-30,Mymensingh,0.0,19.95,80.48,90.3689267230158,24.82572234438876
2025-12-01,Mymensingh,0.0,19.42,84.14,90.3689267230158,24.82572234438876
2025-12-02,Mymensingh,0.0,18.69,80.69,90.3689267230158,24.82572234438876
2025-12-03,Mymensingh,0.0,18.51,80.39,90.3689267230158,24.82572234438876
2025-12-04,Mymensingh,0.0,18.78,80.36,90.3689267230158,24.82572234438876
2025-12-05,Mymensingh,0.0,18.68,76.71,90.3689267230158,24.82572234438876
2025-12-06,Mymensingh,0.0,18.46,76.23,90.3689267230158,24.82572234438876
2025-12-07,Mymensingh,0.0,18.02,79.4,90.3689267230158,24.82572234438876
2025-12-08,Mymensingh,0.0,18.06,79.03,90.3689267230158,24.82572234438876
2025-12-09,Mymensingh,0.0,18.77,72.82,90.3689267230158,24.82572234438876
2025-12-10,Mymensingh,0.0,19.33,70.46,90.3689267230158,24.82572234438876
2025-12-11,Mymensingh,0.0,18.58,69.24,90.3689267230158,24.82572234438876
2025-12-12,Mymensingh,0.0,18.14,70.61,90.3689267230158,24.82572234438876
2025-12-13,Mymensingh,0.0,18.94,70.11,90.3689267230158,24.82572234438876
2025-12-14,Mymensingh,0.0,19.26,70.95,90.3689267230158,24.82572234438876
2025-12-15,Mymensingh,0.0,19.34,71.47,90.3689267230158,24.82572234438876
2025-12-16,Mymensingh,0.0,19.72,70.22,90.3689267230158,24.82572234438876
2025-12-17,Mymensingh,0.0,18.86,74.03,90.3689267230158,24.82572234438876
2025-12-18,Mymensingh,0.0,18.96,74.01,90.3689267230158,24.82572234438876
2025-12-19,Mymensingh,0.0,18.68,76.18,90.3689267230158,24.82572234438876
2025-12-20,Mymensingh,0.01,18.12,79.22,90.3689267230158,24.82572234438876
2025-12-21,Mymensingh,0.01,18.25,76.32,90.3689267230158,24.82572234438876
2025-12-22,Mymensingh,0.0,18.13,74.91,90.3689267230158,24.82572234438876
2025-12-23,Mymensingh,0.0,17.56,79.16,90.3689267230158,24.82572234438876
2025-12-24,Mymensingh,0.0,17.17,80.19,90.3689267230158,24.82572234438876
2025-12-25,Mymensingh,0.0,16.58,79.96,90.3689267230158,24.82572234438876
2025-12-26,Mymensingh,0.0,16.7,77.02,90.3689267230158,24.82572234438876
2025-12-27,Mymensingh,0.0,16.52,78.19,90.3689267230158,24.82572234438876
2025-12-28,Mymensingh,0.0,16.12,80.88,90.3689267230158,24.82572234438876
2025-12-29,Mymensingh,0.0,15.42,83.55,90.3689267230158,24.82572234438876
2025-12-30,Mymensingh,0.07,14.05,85.74,90.3689267230158,24.82572234438876
2025-12-31,Mymensingh,0.02,14.42,81.35,90.3689267230158,24.82572234438876
2026-01-01,Mymensingh,0.0,16.37,77.3,90.3689267230158,24.82572234438876
2026-01-02,Mymensingh,0.0,16.05,82.61,90.3689267230158,24.82572234438876
2026-01-03,Mymensingh,0.0,15.39,81.49,90.3689267230158,24.82572234438876
2026-01-04,Mymensingh,0.0,15.37,78.16,90.3689267230158,24.82572234438876
2026-01-05,Mymensingh,0.0,14.71,78.31,90.3689267230158,24.82572234438876
2026-01-06,Mymensingh,0.0,14.51,77.95,90.3689267230158,24.82572234438876
2026-01-07,Mymensingh,0.0,15.52,70.91,90.3689267230158,24.82572234438876
2026-01-08,Mymensingh,0.0,15.7,66.72,90.3689267230158,24.82572234438876
2026-01-09,Mymensingh,0.0,16.33,68.22,90.3689267230158,24.82572234438876
2026-01-10,Mymensingh,0.0,16.78,72.0,90.3689267230158,24.82572234438876
2026-01-11,Mymensingh,0.0,17.16,75.33,90.3689267230158,24.82572234438876
2026-01-12,Mymensingh,0.0,17.91,74.64,90.3689267230158,24.82572234438876
2026-01-13,Mymensingh,0.0,18.2,70.21,90.3689267230158,24.82572234438876
2026-01-14,Mymensingh,0.0,18.46,68.53,90.3689267230158,24.82572234438876
2026-01-15,Mymensingh,0.0,18.02,69.82,90.3689267230158,24.82572234438876
2026-01-16,Mymensingh,0.0,18.57,69.73,90.3689267230158,24.82572234438876
2026-01-17,Mymensingh,0.0,18.5,70.58,90.3689267230158,24.82572234438876
2026-01-18,Mymensingh,0.0,19.6,65.28,90.3689267230158,24.82572234438876
2026-01-19,Mymensingh,0.0,19.38,67.89,90.3689267230158,24.82572234438876
2026-01-20,Mymensingh,0.0,19.33,65.45,90.3689267230158,24.82572234438876
2026-01-21,Mymensingh,0.0,19.15,59.45,90.3689267230158,24.82572234438876
2026-01-22,Mymensingh,0.0,18.28,59.67,90.3689267230158,24.82572234438876
2026-01-23,Mymensingh,0.0,18.99,58.57,90.3689267230158,24.82572234438876
2026-01-24,Mymensingh,0.0,19.18,60.13,90.3689267230158,24.82572234438876
2026-01-25,Mymensingh,0.0,19.0,64.12,90.3689267230158,24.82572234438876
2026-01-26,Mymensingh,0.0,18.77,65.04,90.3689267230158,24.82572234438876
2026-01-27,Mymensingh,0.0,18.88,62.2,90.3689267230158,24.82572234438876
2026-01-28,Mymensingh,0.0,19.14,62.51,90.3689267230158,24.82572234438876
2026-01-29,Mymensingh,0.0,20.11,61.48,90.3689267230158,24.82572234438876
2026-01-30,Mymensingh,0.0,18.7,64.64,90.3689267230158,24.82572234438876
2026-01-31,Mymensingh,0.0,18.97,62.09,90.3689267230158,24.82572234438876
2026-02-01,Mymensingh,0.0,19.74,62.89,90.3689267230158,24.82572234438876
2026-02-02,Mymensingh,0.0,20.62,62.7,90.3689267230158,24.82572234438876
2026-02-03,Mymensingh,0.0,20.91,58.9,90.3689267230158,24.82572234438876
2026-02-04,Mymensingh,0.0,20.64,59.96,90.3689267230158,24.82572234438876
2026-02-05,Mymensingh,0.0,19.84,49.39,90.3689267230158,24.82572234438876
2026-02-06,Mymensingh,0.0,18.1,48.05,90.3689267230158,24.82572234438876
2026-02-07,Mymensingh,0.0,17.55,55.25,90.3689267230158,24.82572234438876
2026-02-08,Mymensingh,0.0,18.55,56.8,90.3689267230158,24.82572234438876
2026-02-09,Mymensingh,0.0,18.98,54.74,90.3689267230158,24.82572234438876
2026-02-10,Mymensingh,0.0,19.88,58.01,90.3689267230158,24.82572234438876
2026-02-11,Mymensingh,0.0,20.38,55.07,90.3689267230158,24.82572234438876
2026-02-12,Mymensingh,0.0,20.01,51.53,90.3689267230158,24.82572234438876
2026-02-13,Mymensingh,0.0,20.43,52.35,90.3689267230158,24.82572234438876
2026-02-14,Mymensingh,0.0,20.75,50.46,90.3689267230158,24.82572234438876
2026-02-15,Mymensingh,0.0,20.72,46.73,90.3689267230158,24.82572234438876
2026-02-16,Mymensingh,0.0,20.94,47.16,90.3689267230158,24.82572234438876
2026-02-17,Mymensingh,0.0,22.42,49.32,90.3689267230158,24.82572234438876
2026-02-18,Mymensingh,0.0,23.38,42.11,90.3689267230158,24.82572234438876
2026-02-19,Mymensingh,0.0,24.34,38.25,90.3689267230158,24.82572234438876
2026-02-20,Mymensingh,0.0,24.56,42.12,90.3689267230158,24.82572234438876
2026-02-21,Mymensingh,0.0,24.24,42.85,90.3689267230158,24.82572234438876
2026-02-22,Mymensingh,0.0,23.47,45.18,90.3689267230158,24.82572234438876
2026-02-23,Mymensingh,0.0,23.93,46.49,90.3689267230158,24.82572234438876
2026-02-24,Mymensingh,0.04,23.54,47.79,90.3689267230158,24.82572234438876
2026-02-25,Mymensingh,0.26,23.29,48.33,90.3689267230158,24.82572234438876
2026-02-26,Mymensingh,0.32,22.76,47.99,90.3689267230158,24.82572234438876
2026-02-27,Mymensingh,0.0,23.12,38.97,90.3689267230158,24.82572234438876
2026-02-28,Mymensingh,0.0,23.53,36.61,90.3689267230158,24.82572234438876
2026-03-01,Mymensingh,0.0,23.49,44.21,90.3689267230158,24.82572234438876
2026-03-02,Mymensingh,0.0,24.74,51.83,90.3689267230158,24.82572234438876
2026-03-03,Mymensingh,0.04,23.79,50.49,90.3689267230158,24.82572234438876
2026-03-04,Mymensingh,0.05,24.82,43.29,90.3689267230158,24.82572234438876
2026-03-05,Mymensingh,0.0,25.56,45.69,90.3689267230158,24.82572234438876
2026-03-06,Mymensingh,0.0,26.81,41.91,90.3689267230158,24.82572234438876
2026-03-07,Mymensingh,0.0,26.0,49.07,90.3689267230158,24.82572234438876
2026-03-08,Mymensingh,0.16,25.78,57.62,90.3689267230158,24.82572234438876
2026-03-09,Mymensingh,0.53,25.47,58.04,90.3689267230158,24.82572234438876
2026-03-10,Mymensingh,0.01,26.67,53.0,90.3689267230158,24.82572234438876
2026-03-11,Mymensingh,1.83,27.27,53.56,90.3689267230158,24.82572234438876
2026-03-12,Mymensingh,4.5,26.63,62.39,90.3689267230158,24.82572234438876
2026-03-13,Mymensingh,21.94,25.12,76.52,90.3689267230158,24.82572234438876
2026-03-14,Mymensingh,10.65,25.35,79.78,90.3689267230158,24.82572234438876
2026-03-15,Mymensingh,17.72,25.34,77.1,90.3689267230158,24.82572234438876
2026-03-16,Mymensingh,28.15,24.25,79.01,90.3689267230158,24.82572234438876
2026-03-17,Mymensingh,26.14,23.87,80.8,90.3689267230158,24.82572234438876
2026-03-18,Mymensingh,6.54,24.43,77.38,90.3689267230158,24.82572234438876
2026-03-19,Mymensingh,4.74,23.89,79.07,90.3689267230158,24.82572234438876
2026-03-20,Mymensingh,8.34,22.8,84.41,90.3689267230158,24.82572234438876
2026-03-21,Mymensingh,3.63,21.37,83.05,90.3689267230158,24.82572234438876
2026-03-22,Mymensingh,2.14,21.46,72.04,90.3689267230158,24.82572234438876
2026-03-23,Mymensingh,0.11,22.68,66.0,90.3689267230158,24.82572234438876
2026-03-24,Mymensingh,7.0,23.3,68.66,90.3689267230158,24.82572234438876
2026-03-25,Mymensingh,15.81,24.2,74.94,90.3689267230158,24.82572234438876
2026-03-26,Mymensingh,6.2,25.24,64.8,90.3689267230158,24.82572234438876
2026-03-27,Mymensingh,1.62,25.25,61.63,90.3689267230158,24.82572234438876
2026-03-28,Mymensingh,28.79,22.71,80.3,90.3689267230158,24.82572234438876
2026-03-29,Mymensingh,1.42,23.65,73.2,90.3689267230158,24.82572234438876
2026-03-30,Mymensingh,4.45,25.28,75.52,90.3689267230158,24.82572234438876
2026-03-31,Mymensingh,16.02,25.64,79.08,90.3689267230158,24.82572234438876
2026-04-01,Mymensingh,13.71,25.8,78.7,90.3689267230158,24.82572234438876
2026-04-02,Mymensingh,7.89,26.71,76.96,90.3689267230158,24.82572234438876
2026-04-03,Mymensingh,4.28,26.91,77.85,90.3689267230158,24.82572234438876
2026-04-04,Mymensingh,4.64,27.54,70.56,90.3689267230158,24.82572234438876
2026-04-05,Mymensingh,1.54,25.61,73.84,90.3689267230158,24.82572234438876
2026-04-06,Mymensingh,0.21,24.89,73.38,90.3689267230158,24.82572234438876
2026-04-07,Mymensingh,12.62,24.64,74.02,90.3689267230158,24.82572234438876
2026-04-08,Mymensingh,7.02,23.74,77.94,90.3689267230158,24.82572234438876
2026-04-09,Mymensingh,8.48,23.84,74.21,90.3689267230158,24.82572234438876
2026-04-10,Mymensingh,6.8,24.1,65.63,90.3689267230158,24.82572234438876
2026-04-11,Mymensingh,0.25,24.88,50.99,90.3689267230158,24.82572234438876
2026-04-12,Mymensingh,0.13,25.58,64.05,90.3689267230158,24.82572234438876
2026-04-13,Mymensingh,2.52,26.33,73.96,90.3689267230158,24.82572234438876
2026-04-14,Mymensingh,34.42,26.38,82.2,90.3689267230158,24.82572234438876
2026-04-15,Mymensingh,24.72,26.34,82.12,90.3689267230158,24.82572234438876
2026-04-16,Mymensingh,58.43,26.13,85.82,90.3689267230158,24.82572234438876
2026-04-17,Mymensingh,6.68,26.67,81.13,90.3689267230158,24.82572234438876
2026-04-18,Mymensingh,22.41,26.4,82.65,90.3689267230158,24.82572234438876
2026-04-19,Mymensingh,8.08,26.85,84.64,90.3689267230158,24.82572234438876
2026-04-20,Mymensingh,37.99,27.42,86.76,90.3689267230158,24.82572234438876
2026-04-21,Mymensingh,21.4,27.72,85.15,90.3689267230158,24.82572234438876
2026-04-22,Mymensingh,9.57,27.39,86.4,90.3689267230158,24.82572234438876
2026-04-23,Mymensingh,1.42,26.61,86.69,90.3689267230158,24.82572234438876
2026-04-24,Mymensingh,1.54,26.62,86.74,90.3689267230158,24.82572234438876
2026-04-25,Mymensingh,1.06,27.19,87.49,90.3689267230158,24.82572234438876
2026-04-26,Mymensingh,38.02,25.99,86.98,90.3689267230158,24.82572234438876
2026-04-27,Mymensingh,48.7,25.41,89.57,90.3689267230158,24.82572234438876
2026-04-28,Mymensingh,53.77,26.96,91.0,90.3689267230158,24.82572234438876
2026-04-29,Mymensingh,64.5,25.01,92.89,90.3689267230158,24.82572234438876
2026-04-30,Mymensingh,10.35,23.58,90.08,90.3689267230158,24.82572234438876
2026-05-01,Mymensingh,21.94,24.08,91.93,90.3689267230158,24.82572234438876
2026-05-02,Mymensingh,13.61,24.81,86.02,90.3689267230158,24.82572234438876
2026-05-03,Mymensingh,21.01,25.41,86.93,90.3689267230158,24.82572234438876
2026-05-04,Mymensingh,18.53,25.46,88.87,90.3689267230158,24.82572234438876
2026-05-05,Mymensingh,4.51,25.9,83.81,90.3689267230158,24.82572234438876
2026-05-06,Mymensingh,11.44,26.38,82.13,90.3689267230158,24.82572234438876
2026-05-07,Mymensingh,28.07,26.4,79.65,90.3689267230158,24.82572234438876
2026-05-08,Mymensingh,2.69,25.88,80.33,90.3689267230158,24.82572234438876
2026-05-09,Mymensingh,0.59,26.44,77.36,90.3689267230158,24.82572234438876
2026-05-10,Mymensingh,2.18,25.9,81.88,90.3689267230158,24.82572234438876
2026-05-11,Mymensingh,8.26,24.96,88.18,90.3689267230158,24.82572234438876
2026-05-12,Mymensingh,7.3,25.48,85.28,90.3689267230158,24.82572234438876
2026-05-13,Mymensingh,31.45,25.94,87.67,90.3689267230158,24.82572234438876
2026-05-14,Mymensingh,16.62,26.79,90.08,90.3689267230158,24.82572234438876
2026-05-15,Mymensingh,9.89,27.58,88.71,90.3689267230158,24.82572234438876
2026-05-16,Mymensingh,22.43,27.86,89.41,90.3689267230158,24.82572234438876
2026-05-17,Mymensingh,46.25,27.91,89.06,90.3689267230158,24.82572234438876
2026-05-18,Mymensingh,19.68,27.87,89.56,90.3689267230158,24.82572234438876
2026-05-19,Mymensingh,12.94,27.84,89.51,90.3689267230158,24.82572234438876
2026-05-20,Mymensingh,1.45,28.15,88.32,90.3689267230158,24.82572234438876
2026-05-21,Mymensingh,18.1,28.59,88.64,90.3689267230158,24.82572234438876
2026-05-22,Mymensingh,18.58,28.67,89.59,90.3689267230158,24.82572234438876
2026-05-23,Mymensingh,2.29,28.94,89.54,90.3689267230158,24.82572234438876
2026-05-24,Mymensingh,24.7,28.64,88.99,90.3689267230158,24.82572234438876
2026-05-25,Mymensingh,43.79,27.79,92.44,90.3689267230158,24.82572234438876
2026-05-26,Mymensingh,67.1,27.44,89.82,90.3689267230158,24.82572234438876
2026-05-27,Mymensingh,21.79,26.79,89.96,90.3689267230158,24.82572234438876
2026-05-28,Mymensingh,22.99,26.47,89.52,90.3689267230158,24.82572234438876
2026-05-29,Mymensingh,6.74,27.57,82.86,90.3689267230158,24.82572234438876
2026-05-30,Mymensingh,0.27,28.41,80.64,90.3689267230158,24.82572234438876
2026-05-31,Mymensingh,0.46,28.88,79.82,90.3689267230158,24.82572234438876
2026-06-01,Mymensingh,1.44,29.2,82.94,90.3689267230158,24.82572234438876
2026-06-02,Mymensingh,6.28,28.67,87.34,90.3689267230158,24.82572234438876
2026-06-03,Mymensingh,3.49,28.6,87.67,90.3689267230158,24.82572234438876
2026-06-04,Mymensingh,8.02,28.52,89.56,90.3689267230158,24.82572234438876
2026-06-05,Mymensingh,14.89,28.19,91.88,90.3689267230158,24.82572234438876
2026-06-06,Mymensingh,7.92,28.44,89.29,90.3689267230158,24.82572234438876
2026-06-07,Mymensingh,10.39,28.48,89.23,90.3689267230158,24.82572234438876
2026-06-08,Mymensingh,15.04,27.72,92.18,90.3689267230158,24.82572234438876
2026-06-09,Mymensingh,13.37,28.14,90.28,90.3689267230158,24.82572234438876
2026-06-10,Mymensingh,21.81,27.49,92.39,90.3689267230158,24.82572234438876
2026-06-11,Mymensingh,14.61,27.36,90.55,90.3689267230158,24.82572234438876
2026-06-12,Mymensingh,6.6,28.29,83.88,90.3689267230158,24.82572234438876
2026-06-13,Mymensingh,50.58,27.66,87.1,90.3689267230158,24.82572234438876
2026-06-14,Mymensingh,19.83,27.71,91.7,90.3689267230158,24.82572234438876
2026-06-15,Mymensingh,24.75,27.88,90.13,90.3689267230158,24.82572234438876
2026-06-16,Mymensingh,25.37,28.05,89.58,90.3689267230158,24.82572234438876
2026-06-17,Mymensingh,18.57,28.05,90.36,90.3689267230158,24.82572234438876
2026-06-18,Mymensingh,19.29,28.11,90.95,90.3689267230158,24.82572234438876
2026-06-19,Mymensingh,23.79,27.34,91.45,90.3689267230158,24.82572234438876
2026-06-20,Mymensingh,20.86,27.66,90.37,90.3689267230158,24.82572234438876
2026-06-21,Mymensingh,36.92,27.93,92.83,90.3689267230158,24.82572234438876
2026-06-22,Mymensingh,34.04,27.5,91.94,90.3689267230158,24.82572234438876
2026-06-23,Mymensingh,15.48,27.63,91.82,90.3689267230158,24.82572234438876
2026-06-24,Mymensingh,9.67,27.93,90.54,90.3689267230158,24.82572234438876
2026-06-25,Mymensingh,13.69,28.36,88.98,90.3689267230158,24.82572234438876
2026-06-26,Mymensingh,2.55,28.41,88.75,90.3689267230158,24.82572234438876
2026-06-27,Mymensingh,7.22,28.62,89.47,90.3689267230158,24.82572234438876
2026-06-28,Mymensingh,20.38,28.76,89.25,90.3689267230158,24.82572234438876
2026-06-29,Mymensingh,31.91,28.5,90.06,90.3689267230158,24.82572234438876
2026-06-30,Mymensingh,10.93,27.97,91.5,90.3689267230158,24.82572234438876
2026-07-01,Mymensingh,11.87,28.04,89.84,90.3689267230158,24.82572234438876
2026-07-02,Mymensingh,22.67,28.43,89.53,90.3689267230158,24.82572234438876
2026-07-03,Mymensingh,3.2,27.95,90.9,90.3689267230158,24.82572234438876
2026-07-04,Mymensingh,3.69,28.71,88.47,90.3689267230158,24.82572234438876
2026-07-05,Mymensingh,15.04,27.85,92.51,90.3689267230158,24.82572234438876
2026-07-06,Mymensingh,10.65,28.35,91.44,90.3689267230158,24.82572234438876
2026-07-07,Mymensingh,51.35,28.62,90.92,90.3689267230158,24.82572234438876
2026-07-08,Mymensingh,102.59,28.49,91.12,90.3689267230158,24.82572234438876
2026-07-09,Mymensingh,54.12,28.4,90.67,90.3689267230158,24.82572234438876
2026-07-10,Mymensingh,44.71,28.47,91.6,90.3689267230158,24.82572234438876
2026-07-11,Mymensingh,41.52,28.67,91.37,90.3689267230158,24.82572234438876
2026-07-12,Mymensingh,35.69,28.53,92.64,90.3689267230158,24.82572234438876
2026-07-13,Mymensingh,44.68,28.16,92.35,90.3689267230158,24.82572234438876
2026-07-14,Mymensingh,11.66,28.56,90.36,90.3689267230158,24.82572234438876
2026-07-15,Mymensingh,9.81,29.08,87.54,90.3689267230158,24.82572234438876
2026-07-16,Mymensingh,7.27,27.82,91.12,90.3689267230158,24.82572234438876
2026-07-17,Mymensingh,41.32,27.83,92.25,90.3689267230158,24.82572234438876
2026-07-18,Mymensingh,24.2,28.34,91.54,90.3689267230158,24.82572234438876
2026-07-19,Mymensingh,45.41,27.54,93.87,90.3689267230158,24.82572234438876
2026-07-20,Mymensingh,29.88,26.93,93.31,90.3689267230158,24.82572234438876
2026-07-21,Mymensingh,9.04,27.06,90.86,90.3689267230158,24.82572234438876
2026-07-22,Mymensingh,19.92,27.57,92.15,90.3689267230158,24.82572234438876
2026-07-23,Mymensingh,17.3,27.41,89.84,90.3689267230158,24.82572234438876
2026-07-24,Mymensingh,4.38,27.66,90.64,90.3689267230158,24.82572234438876
2026-07-25,Mymensingh,1.93,28.01,89.85,90.3689267230158,24.82572234438876
2026-07-26,Mymensingh,2.25,28.04,88.65,90.3689267230158,24.82572234438876
2026-07-27,Mymensingh,6.0,27.89,90.65,90.3689267230158,24.82572234438876
2026-07-28,Mymensingh,13.6,27.66,92.01,90.3689267230158,24.82572234438876
2026-07-29,Mymensingh,9.21,26.95,92.4,90.3689267230158,24.82572234438876
2026-07-30,Mymensingh,17.56,27.78,90.93,90.3689267230158,24.82572234438876
2026-07-31,Mymensingh,12.49,28.24,89.38,90.3689267230158,24.82572234438876
2026-08-01,Mymensingh,15.48,27.3,91.54,90.3689267230158,24.82572234438876
2026-08-02,Mymensingh,18.42,27.63,92.11,90.3689267230158,24.82572234438876
2026-08-03,Mymensingh,24.56,28.34,90.83,90.3689267230158,24.82572234438876
2026-08-04,Mymensingh,43.89,26.59,96.19,90.3689267230158,24.82572234438876
2026-08-05,Mymensingh,22.38,26.62,95.62,90.3689267230158,24.82572234438876
2026-08-06,Mymensingh,15.81,27.99,89.4,90.3689267230158,24.82572234438876
2026-08-07,Mymensingh,14.57,27.54,89.61,90.3689267230158,24.82572234438876
2026-08-08,Mymensingh,2.46,27.62,89.19,90.3689267230158,24.82572234438876
2026-08-09,Mymensingh,4.39,28.39,87.31,90.3689267230158,24.82572234438876
2026-08-10,Mymensingh,7.21,29.01,86.24,90.3689267230158,24.82572234438876
2026-08-11,Mymensingh,7.95,29.46,85.96,90.3689267230158,24.82572234438876
2026-08-12,Mymensingh,6.82,29.98,86.16,90.3689267230158,24.82572234438876
2026-08-13,Mymensingh,11.57,28.14,88.17,90.3689267230158,24.82572234438876
2026-08-14,Mymensingh,1.61,28.34,87.27,90.3689267230158,24.82572234438876
2026-08-15,Mymensingh,3.67,28.36,88.89,90.3689267230158,24.82572234438876
2026-08-16,Mymensingh,15.8,28.16,86.98,90.3689267230158,24.82572234438876
2026-08-17,Mymensingh,16.64,26.92,91.36,90.3689267230158,24.82572234438876
2026-08-18,Mymensingh,12.52,27.66,90.75,90.3689267230158,24.82572234438876
2026-08-19,Mymensingh,4.28,28.02,90.1,90.3689267230158,24.82572234438876
2026-08-20,Mymensingh,7.62,28.38,89.34,90.3689267230158,24.82572234438876
2026-08-21,Mymensingh,3.33,29.14,86.43,90.3689267230158,24.82572234438876
2026-08-22,Mymensingh,4.45,29.84,85.48,90.3689267230158,24.82572234438876
2026-08-23,Mymensingh,8.28,28.24,90.78,90.3689267230158,24.82572234438876
2026-08-24,Mymensingh,10.16,27.41,91.06,90.3689267230158,24.82572234438876
2026-08-25,Mymensingh,18.02,27.17,92.65,90.3689267230158,24.82572234438876
2026-08-26,Mymensingh,5.93,28.57,87.72,90.3689267230158,24.82572234438876
2026-08-27,Mymensingh,4.18,28.71,87.91,90.3689267230158,24.82572234438876
2026-08-28,Mymensingh,6.34,28.44,89.41,90.3689267230158,24.82572234438876
2026-08-29,Mymensingh,3.16,29.29,85.51,90.3689267230158,24.82572234438876
2026-08-30,Mymensingh,13.79,29.24,87.47,90.3689267230158,24.82572234438876
2026-08-31,Mymensingh,3.01,28.04,88.13,90.3689267230158,24.82572234438876
2026-09-01,Mymensingh,8.84,26.75,93.22,90.3689267230158,24.82572234438876
2026-09-02,Mymensingh,3.12,26.64,90.71,90.3689267230158,24.82572234438876
2026-09-03,Mymensingh,11.76,26.57,90.53,90.3689267230158,24.82572234438876
2026-09-04,Mymensingh,12.58,27.36,89.32,90.3689267230158,24.82572234438876
2026-09-05,Mymensingh,10.55,27.45,89.68,90.3689267230158,24.82572234438876
2026-09-06,Mymensingh,17.36,26.81,93.14,90.3689267230158,24.82572234438876
2026-09-07,Mymensingh,3.0,28.18,87.12,90.3689267230158,24.82572234438876
2026-09-08,Mymensingh,5.37,28.84,88.17,90.3689267230158,24.82572234438876
2026-09-09,Mymensingh,2.77,28.22,88.59,90.3689267230158,24.82572234438876
2026-09-10,Mymensingh,9.35,29.25,85.19,90.3689267230158,24.82572234438876
2026-09-11,Mymensingh,7.33,28.78,87.64,90.3689267230158,24.82572234438876
2026-09-12,Mymensingh,2.42,28.08,86.64,90.3689267230158,24.82572234438876
2026-09-13,Mymensingh,2.37,28.64,82.8,90.3689267230158,24.82572234438876
2026-09-14,Mymensingh,2.6,29.3,80.06,90.3689267230158,24.82572234438876
2026-09-15,Mymensingh,1.61,29.59,77.8,90.3689267230158,24.82572234438876
2026-09-16,Mymensingh,3.08,29.15,79.46,90.3689267230158,24.82572234438876
2026-09-17,Mymensingh,6.52,27.59,88.26,90.3689267230158,24.82572234438876
2026-09-18,Mymensingh,,,,90.3689267230158,24.82572234438876
2026-09-19,Mymensingh,,,,90.3689267230158,24.82572234438876
2026-09-20,Mymensingh,,,,90.3689267230158,24.82572234438876
2025-10-06,Rajshani,12.49,27.04,80.7,89.09665071032151,24.54916538041177
2025-10-07,Rajshani,6.1,27.51,80.58,89.09665071032151,24.54916538041177
2025-10-08,Rajshani,9.49,27.6,81.99,89.09665071032151,24.54916538041177
2025-10-09,Rajshani,3.77,27.71,79.42,89.09665071032151,24.54916538041177
2025-10-10,Rajshani,4.7,27.38,82.0,89.09665071032151,24.54916538041177
2025-10-11,Rajshani,8.75,26.93,81.55,89.09665071032151,24.54916538041177
2025-10-12,Rajshani,0.29,26.47,82.01,89.09665071032151,24.54916538041177
2025-10-13,Rajshani,0.0,25.64,84.83,89.09665071032151,24.54916538041177
2025-10-14,Rajshani,0.0,24.76,84.68,89.09665071032151,24.54916538041177
2025-10-15,Rajshani,0.0,24.41,81.55,89.09665071032151,24.54916538041177
2025-10-16,Rajshani,0.0,25.56,81.41,89.09665071032151,24.54916538041177
2025-10-17,Rajshani,0.01,26.47,81.08,89.09665071032151,24.54916538041177
2025-10-18,Rajshani,0.02,27.03,80.37,89.09665071032151,24.54916538041177
2025-10-19,Rajshani,0.0,26.72,83.36,89.09665071032151,24.54916538041177
2025-10-20,Rajshani,0.0,26.21,85.28,89.09665071032151,24.54916538041177
2025-10-21,Rajshani,0.0,25.96,82.78,89.09665071032151,24.54916538041177
2025-10-22,Rajshani,0.0,25.96,77.38,89.09665071032151,24.54916538041177
2025-10-23,Rajshani,0.0,25.87,76.4,89.09665071032151,24.54916538041177
2025-10-24,Rajshani,0.0,25.98,75.83,89.09665071032151,24.54916538041177
2025-10-25,Rajshani,0.0,26.85,73.07,89.09665071032151,24.54916538041177
2025-10-26,Rajshani,0.0,27.54,70.12,89.09665071032151,24.54916538041177
2025-10-27,Rajshani,0.64,26.81,78.46,89.09665071032151,24.54916538041177
2025-10-28,Rajshani,0.02,26.61,76.33,89.09665071032151,24.54916538041177
2025-10-29,Rajshani,1.43,27.08,77.39,89.09665071032151,24.54916538041177
2025-10-30,Rajshani,16.98,26.15,84.82,89.09665071032151,24.54916538041177
2025-10-31,Rajshani,10.39,26.86,86.53,89.09665071032151,24.54916538041177
2025-11-01,Rajshani,56.81,26.81,91.32,89.09665071032151,24.54916538041177
2025-11-02,Rajshani,16.14,25.4,90.76,89.09665071032151,24.54916538041177
2025-11-03,Rajshani,0.25,24.51,82.72,89.09665071032151,24.54916538041177
2025-11-04,Rajshani,0.0,23.93,83.2,89.09665071032151,24.54916538041177
2025-11-05,Rajshani,0.12,24.3,85.66,89.09665071032151,24.54916538041177
2025-11-06,Rajshani,0.06,25.01,78.89,89.09665071032151,24.54916538041177
2025-11-07,Rajshani,0.0,24.34,82.62,89.09665071032151,24.54916538041177
2025-11-08,Rajshani,0.0,21.92,84.09,89.09665071032151,24.54916538041177
2025-11-09,Rajshani,0.0,21.3,85.23,89.09665071032151,24.54916538041177
2025-11-10,Rajshani,0.0,21.08,83.99,89.09665071032151,24.54916538041177
2025-11-11,Rajshani,0.0,19.4,80.7,89.09665071032151,24.54916538041177
2025-11-12,Rajshani,0.0,19.42,75.3,89.09665071032151,24.54916538041177
2025-11-13,Rajshani,0.0,19.87,74.82,89.09665071032151,24.54916538041177
2025-11-14,Rajshani,0.0,20.54,78.81,89.09665071032151,24.54916538041177
2025-11-15,Rajshani,0.0,20.35,82.26,89.09665071032151,24.54916538041177
2025-11-16,Rajshani,0.0,20.81,80.66,89.09665071032151,24.54916538041177
2025-11-17,Rajshani,0.0,20.95,80.8,89.09665071032151,24.54916538041177
2025-11-18,Rajshani,0.0,21.29,76.99,89.09665071032151,24.54916538041177
2025-11-19,Rajshani,0.0,21.03,73.39,89.09665071032151,24.54916538041177
2025-11-20,Rajshani,0.0,20.99,68.81,89.09665071032151,24.54916538041177
2025-11-21,Rajshani,0.0,20.45,72.58,89.09665071032151,24.54916538041177
2025-11-22,Rajshani,0.0,20.04,78.09,89.09665071032151,24.54916538041177
2025-11-23,Rajshani,0.0,19.99,77.96,89.09665071032151,24.54916538041177
2025-11-24,Rajshani,0.0,19.21,82.67,89.09665071032151,24.54916538041177
2025-11-25,Rajshani,0.0,18.78,85.63,89.09665071032151,24.54916538041177
2025-11-26,Rajshani,0.0,19.46,80.92,89.09665071032151,24.54916538041177
2025-11-27,Rajshani,0.0,20.08,78.75,89.09665071032151,24.54916538041177
2025-11-28,Rajshani,0.0,20.31,75.78,89.09665071032151,24.54916538041177
2025-11-29,Rajshani,0.0,19.69,80.21,89.09665071032151,24.54916538041177
2025-11-30,Rajshani,0.0,19.54,81.47,89.09665071032151,24.54916538041177
2025-12-01,Rajshani,0.0,18.26,85.44,89.09665071032151,24.54916538041177
2025-12-02,Rajshani,0.0,18.13,78.52,89.09665071032151,24.54916538041177
2025-12-03,Rajshani,0.0,17.47,80.68,89.09665071032151,24.54916538041177
2025-12-04,Rajshani,0.0,17.57,83.64,89.09665071032151,24.54916538041177
2025-12-05,Rajshani,0.0,16.95,83.51,89.09665071032151,24.54916538041177
2025-12-06,Rajshani,0.0,16.29,78.09,89.09665071032151,24.54916538041177
2025-12-07,Rajshani,0.0,16.35,82.13,89.09665071032151,24.54916538041177
2025-12-08,Rajshani,0.0,17.31,80.95,89.09665071032151,24.54916538041177
2025-12-09,Rajshani,0.0,18.28,83.62,89.09665071032151,24.54916538041177
2025-12-10,Rajshani,0.0,17.79,83.87,89.09665071032151,24.54916538041177
2025-12-11,Rajshani,0.0,17.05,79.74,89.09665071032151,24.54916538041177
2025-12-12,Rajshani,0.0,17.82,77.04,89.09665071032151,24.54916538041177
2025-12-13,Rajshani,0.0,18.11,75.95,89.09665071032151,24.54916538041177
2025-12-14,Rajshani,0.0,18.2,77.39,89.09665071032151,24.54916538041177
2025-12-15,Rajshani,0.0,17.98,81.5,89.09665071032151,24.54916538041177
2025-12-16,Rajshani,0.0,17.92,81.19,89.09665071032151,24.54916538041177
2025-12-17,Rajshani,0.0,17.53,83.18,89.09665071032151,24.54916538041177
2025-12-18,Rajshani,0.0,17.84,82.73,89.09665071032151,24.54916538041177
2025-12-19,Rajshani,0.0,17.22,83.04,89.09665071032151,24.54916538041177
2025-12-20,Rajshani,0.0,16.6,83.57,89.09665071032151,24.54916538041177
2025-12-21,Rajshani,0.0,16.61,84.19,89.09665071032151,24.54916538041177
2025-12-22,Rajshani,0.0,16.87,84.37,89.09665071032151,24.54916538041177
2025-12-23,Rajshani,0.0,16.08,83.27,89.09665071032151,24.54916538041177
2025-12-24,Rajshani,0.0,15.47,83.92,89.09665071032151,24.54916538041177
2025-12-25,Rajshani,0.0,15.03,81.59,89.09665071032151,24.54916538041177
2025-12-26,Rajshani,0.0,15.5,83.94,89.09665071032151,24.54916538041177
2025-12-27,Rajshani,0.0,15.44,84.91,89.09665071032151,24.54916538041177
2025-12-28,Rajshani,0.0,14.92,84.79,89.09665071032151,24.54916538041177
2025-12-29,Rajshani,0.0,14.02,86.33,89.09665071032151,24.54916538041177
2025-12-30,Rajshani,0.09,13.09,84.91,89.09665071032151,24.54916538041177
2025-12-31,Rajshani,0.26,13.52,83.93,89.09665071032151,24.54916538041177
2026-01-01,Rajshani,0.0,14.95,82.52,89.09665071032151,24.54916538041177
2026-01-02,Rajshani,0.0,15.22,82.77,89.09665071032151,24.54916538041177
2026-01-03,Rajshani,0.0,15.12,78.78,89.09665071032151,24.54916538041177
2026-01-04,Rajshani,0.0,14.54,80.7,89.09665071032151,24.54916538041177
2026-01-05,Rajshani,0.0,13.4,83.1,89.09665071032151,24.54916538041177
2026-01-06,Rajshani,0.0,13.11,84.18,89.09665071032151,24.54916538041177
2026-01-07,Rajshani,0.0,13.88,79.88,89.09665071032151,24.54916538041177
2026-01-08,Rajshani,0.0,13.95,78.99,89.09665071032151,24.54916538041177
2026-01-09,Rajshani,0.0,14.03,77.61,89.09665071032151,24.54916538041177
2026-01-10,Rajshani,0.0,14.03,78.26,89.09665071032151,24.54916538041177
2026-01-11,Rajshani,0.0,14.53,79.5,89.09665071032151,24.54916538041177
2026-01-12,Rajshani,0.0,15.06,77.86,89.09665071032151,24.54916538041177
2026-01-13,Rajshani,0.0,15.12,76.9,89.09665071032151,24.54916538041177
2026-01-14,Rajshani,3.5,15.43,74.86,89.09665071032151,24.54916538041177
2026-01-15,Rajshani,0.0,15.18,75.5,89.09665071032151,24.54916538041177
2026-01-16,Rajshani,0.0,15.28,74.97,89.09665071032151,24.54916538041177
2026-01-17,Rajshani,0.0,15.9,73.97,89.09665071032151,24.54916538041177
2026-01-18,Rajshani,0.0,16.84,72.49,89.09665071032151,24.54916538041177
2026-01-19,Rajshani,0.0,17.49,70.89,89.09665071032151,24.54916538041177
2026-01-20,Rajshani,0.0,19.13,61.94,89.09665071032151,24.54916538041177
2026-01-21,Rajshani,0.0,18.76,63.2,89.09665071032151,24.54916538041177
2026-01-22,Rajshani,0.0,17.69,64.09,89.09665071032151,24.54916538041177
2026-01-23,Rajshani,0.0,17.73,60.91,89.09665071032151,24.54916538041177
2026-01-24,Rajshani,0.0,17.84,71.26,89.09665071032151,24.54916538041177
2026-01-25,Rajshani,0.0,19.24,61.15,89.09665071032151,24.54916538041177
2026-01-26,Rajshani,0.0,18.61,66.24,89.09665071032151,24.54916538041177
2026-01-27,Rajshani,0.0,17.87,70.39,89.09665071032151,24.54916538041177
2026-01-28,Rajshani,0.0,18.45,70.91,89.09665071032151,24.54916538041177
2026-01-29,Rajshani,0.0,19.58,68.39,89.09665071032151,24.54916538041177
2026-01-30,Rajshani,0.0,18.12,70.6,89.09665071032151,24.54916538041177
2026-01-31,Rajshani,0.0,18.19,65.81,89.09665071032151,24.54916538041177
2026-02-01,Rajshani,0.0,17.78,69.33,89.09665071032151,24.54916538041177
2026-02-02,Rajshani,0.0,18.32,70.09,89.09665071032151,24.54916538041177
2026-02-03,Rajshani,0.0,19.21,71.21,89.09665071032151,24.54916538041177
2026-02-04,Rajshani,0.0,19.82,66.74,89.09665071032151,24.54916538041177
2026-02-05,Rajshani,0.0,18.62,59.96,89.09665071032151,24.54916538041177
2026-02-06,Rajshani,0.0,16.9,58.01,89.09665071032151,24.54916538041177
2026-02-07,Rajshani,0.0,17.35,58.45,89.09665071032151,24.54916538041177
2026-02-08,Rajshani,0.0,18.55,56.62,89.09665071032151,24.54916538041177
2026-02-09,Rajshani,0.0,18.88,53.51,89.09665071032151,24.54916538041177
2026-02-10,Rajshani,0.0,18.86,58.54,89.09665071032151,24.54916538041177
2026-02-11,Rajshani,0.0,19.34,54.94,89.09665071032151,24.54916538041177
2026-02-12,Rajshani,0.0,19.76,51.67,89.09665071032151,24.54916538041177
2026-02-13,Rajshani,0.0,20.05,52.09,89.09665071032151,24.54916538041177
2026-02-14,Rajshani,0.0,19.95,54.07,89.09665071032151,24.54916538041177
2026-02-15,Rajshani,0.0,20.68,48.95,89.09665071032151,24.54916538041177
2026-02-16,Rajshani,0.0,20.31,51.63,89.09665071032151,24.54916538041177
2026-02-17,Rajshani,0.0,20.79,61.66,89.09665071032151,24.54916538041177
2026-02-18,Rajshani,0.0,22.01,56.56,89.09665071032151,24.54916538041177
2026-02-19,Rajshani,0.0,22.8,48.75,89.09665071032151,24.54916538041177
2026-02-20,Rajshani,0.0,23.23,50.52,89.09665071032151,24.54916538041177
2026-02-21,Rajshani,0.01,23.31,49.31,89.09665071032151,24.54916538041177
2026-02-22,Rajshani,0.0,23.63,51.97,89.09665071032151,24.54916538041177
2026-02-23,Rajshani,0.0,23.78,53.97,89.09665071032151,24.54916538041177
2026-02-24,Rajshani,0.41,22.64,54.5,89.09665071032151,24.54916538041177
2026-02-25,Rajshani,0.02,22.7,51.63,89.09665071032151,24.54916538041177
2026-02-26,Rajshani,0.0,23.32,44.65,89.09665071032151,24.54916538041177
2026-02-27,Rajshani,0.0,23.46,38.6,89.09665071032151,24.54916538041177
2026-02-28,Rajshani,0.0,23.93,38.53,89.09665071032151,24.54916538041177
2026-03-01,Rajshani,0.0,24.29,47.99,89.09665071032151,24.54916538041177
2026-03-02,Rajshani,0.0,25.61,48.76,89.09665071032151,24.54916538041177
2026-03-03,Rajshani,0.06,24.21,45.52,89.09665071032151,24.54916538041177
2026-03-04,Rajshani,0.06,24.22,47.32,89.09665071032151,24.54916538041177
2026-03-05,Rajshani,0.0,25.44,49.43,89.09665071032151,24.54916538041177
2026-03-06,Rajshani,0.0,26.6,46.75,89.09665071032151,24.54916538041177
2026-03-07,Rajshani,0.0,25.7,54.5,89.09665071032151,24.54916538041177
2026-03-08,Rajshani,0.0,26.12,61.16,89.09665071032151,24.54916538041177
2026-03-09,Rajshani,0.02,25.89,62.45,89.09665071032151,24.54916538041177
2026-03-10,Rajshani,0.0,27.33,55.62,89.09665071032151,24.54916538041177
2026-03-11,Rajshani,0.72,27.74,57.16,89.09665071032151,24.54916538041177
2026-03-12,Rajshani,4.94,27.37,62.75,89.09665071032151,24.54916538041177
2026-03-13,Rajshani,4.88,27.07,64.21,89.09665071032151,24.54916538041177
2026-03-14,Rajshani,7.01,26.97,65.76,89.09665071032151,24.54916538041177
2026-03-15,Rajshani,1.11,27.45,67.25,89.09665071032151,24.54916538041177
2026-03-16,Rajshani,5.46,26.43,69.61,89.09665071032151,24.54916538041177
2026-03-17,Rajshani,4.42,26.64,64.18,89.09665071032151,24.54916538041177
2026-03-18,Rajshani,3.24,26.96,65.21,89.09665071032151,24.54916538041177
2026-03-19,Rajshani,3.24,25.81,69.86,89.09665071032151,24.54916538041177
2026-03-20,Rajshani,5.01,24.35,71.91,89.09665071032151,24.54916538041177
2026-03-21,Rajshani,10.71,21.97,79.84,89.09665071032151,24.54916538041177
2026-03-22,Rajshani,3.73,22.45,70.11,89.09665071032151,24.54916538041177
2026-03-23,Rajshani,0.02,24.01,59.05,89.09665071032151,24.54916538041177
2026-03-24,Rajshani,1.29,25.79,58.4,89.09665071032151,24.54916538041177
2026-03-25,Rajshani,3.04,26.44,63.92,89.09665071032151,24.54916538041177
2026-03-26,Rajshani,1.15,26.81,59.53,89.09665071032151,24.54916538041177
2026-03-27,Rajshani,3.48,27.38,54.12,89.09665071032151,24.54916538041177
2026-03-28,Rajshani,15.92,24.44,74.25,89.09665071032151,24.54916538041177
2026-03-29,Rajshani,2.09,25.8,68.18,89.09665071032151,24.54916538041177
2026-03-30,Rajshani,5.33,27.28,69.39,89.09665071032151,24.54916538041177
2026-03-31,Rajshani,7.13,27.68,70.69,89.09665071032151,24.54916538041177
2026-04-01,Rajshani,3.58,28.35,64.25,89.09665071032151,24.54916538041177
2026-04-02,Rajshani,10.11,28.92,63.14,89.09665071032151,24.54916538041177
2026-04-03,Rajshani,4.94,29.69,60.62,89.09665071032151,24.54916538041177
2026-04-04,Rajshani,0.03,29.98,53.83,89.09665071032151,24.54916538041177
2026-04-05,Rajshani,0.05,27.45,59.32,89.09665071032151,24.54916538041177
2026-04-06,Rajshani,0.27,26.63,62.04,89.09665071032151,24.54916538041177
2026-04-07,Rajshani,2.5,27.56,59.72,89.09665071032151,24.54916538041177
2026-04-08,Rajshani,4.87,26.5,65.62,89.09665071032151,24.54916538041177
2026-04-09,Rajshani,12.98,25.12,72.14,89.09665071032151,24.54916538041177
2026-04-10,Rajshani,5.84,25.65,58.22,89.09665071032151,24.54916538041177
2026-04-11,Rajshani,6.34,26.65,45.83,89.09665071032151,24.54916538041177
2026-04-12,Rajshani,0.0,27.58,48.74,89.09665071032151,24.54916538041177
2026-04-13,Rajshani,0.08,28.63,59.67,89.09665071032151,24.54916538041177
2026-04-14,Rajshani,10.13,28.93,64.25,89.09665071032151,24.54916538041177
2026-04-15,Rajshani,15.75,28.2,67.26,89.09665071032151,24.54916538041177
2026-04-16,Rajshani,6.42,28.5,74.57,89.09665071032151,24.54916538041177
2026-04-17,Rajshani,4.34,28.79,72.44,89.09665071032151,24.54916538041177
2026-04-18,Rajshani,5.48,29.03,71.69,89.09665071032151,24.54916538041177
2026-04-19,Rajshani,1.48,29.81,70.05,89.09665071032151,24.54916538041177
2026-04-20,Rajshani,6.94,30.25,70.66,89.09665071032151,24.54916538041177
2026-04-21,Rajshani,0.18,31.25,62.9,89.09665071032151,24.54916538041177
2026-04-22,Rajshani,0.19,30.75,63.16,89.09665071032151,24.54916538041177
2026-04-23,Rajshani,0.05,30.25,67.4,89.09665071032151,24.54916538041177
2026-04-24,Rajshani,0.23,30.61,67.51,89.09665071032151,24.54916538041177
2026-04-25,Rajshani,0.33,30.81,65.42,89.09665071032151,24.54916538041177
2026-04-26,Rajshani,8.53,29.24,66.87,89.09665071032151,24.54916538041177
2026-04-27,Rajshani,27.09,28.33,78.54,89.09665071032151,24.54916538041177
2026-04-28,Rajshani,9.67,29.6,78.13,89.09665071032151,24.54916538041177
2026-04-29,Rajshani,36.31,26.82,86.62,89.09665071032151,24.54916538041177
2026-04-30,Rajshani,14.08,25.55,83.73,89.09665071032151,24.54916538041177
2026-05-01,Rajshani,6.08,26.79,76.99,89.09665071032151,24.54916538041177
2026-05-02,Rajshani,12.1,26.92,75.02,89.09665071032151,24.54916538041177
2026-05-03,Rajshani,6.17,27.06,80.38,89.09665071032151,24.54916538041177
2026-05-04,Rajshani,7.72,27.18,80.74,89.09665071032151,24.54916538041177
2026-05-05,Rajshani,11.17,27.39,78.79,89.09665071032151,24.54916538041177
2026-05-06,Rajshani,18.81,27.5,77.24,89.09665071032151,24.54916538041177
2026-05-07,Rajshani,13.53,27.59,75.25,89.09665071032151,24.54916538041177
2026-05-08,Rajshani,9.84,27.11,74.02,89.09665071032151,24.54916538041177
2026-05-09,Rajshani,4.29,27.7,71.7,89.09665071032151,24.54916538041177
2026-05-10,Rajshani,6.7,27.51,72.51,89.09665071032151,24.54916538041177
2026-05-11,Rajshani,2.63,26.74,77.38,89.09665071032151,24.54916538041177
2026-05-12,Rajshani,0.35,27.28,78.96,89.09665071032151,24.54916538041177
2026-05-13,Rajshani,11.09,27.78,81.35,89.09665071032151,24.54916538041177
2026-05-14,Rajshani,24.67,28.33,83.53,89.09665071032151,24.54916538041177
2026-05-15,Rajshani,6.25,29.09,82.51,89.09665071032151,24.54916538041177
2026-05-16,Rajshani,5.43,30.12,77.39,89.09665071032151,24.54916538041177
2026-05-17,Rajshani,32.14,29.9,79.73,89.09665071032151,24.54916538041177
2026-05-18,Rajshani,25.73,29.7,82.29,89.09665071032151,24.54916538041177
2026-05-19,Rajshani,25.45,29.13,85.24,89.09665071032151,24.54916538041177
2026-05-20,Rajshani,0.09,29.69,81.09,89.09665071032151,24.54916538041177
2026-05-21,Rajshani,13.68,30.16,83.45,89.09665071032151,24.54916538041177
2026-05-22,Rajshani,17.69,30.12,83.25,89.09665071032151,24.54916538041177
2026-05-23,Rajshani,3.18,30.52,81.41,89.09665071032151,24.54916538041177
2026-05-24,Rajshani,6.66,30.02,82.12,89.09665071032151,24.54916538041177
2026-05-25,Rajshani,29.55,29.14,88.08,89.09665071032151,24.54916538041177
2026-05-26,Rajshani,28.22,28.78,86.54,89.09665071032151,24.54916538041177
2026-05-27,Rajshani,37.01,28.04,86.96,89.09665071032151,24.54916538041177
2026-05-28,Rajshani,39.1,27.19,88.41,89.09665071032151,24.54916538041177
2026-05-29,Rajshani,25.07,28.33,82.42,89.09665071032151,24.54916538041177
2026-05-30,Rajshani,9.2,28.9,77.43,89.09665071032151,24.54916538041177
2026-05-31,Rajshani,0.22,29.32,77.91,89.09665071032151,24.54916538041177
2026-06-01,Rajshani,0.0,29.96,78.08,89.09665071032151,24.54916538041177
2026-06-02,Rajshani,0.01,29.57,82.96,89.09665071032151,24.54916538041177
2026-06-03,Rajshani,0.01,30.08,78.8,89.09665071032151,24.54916538041177
2026-06-04,Rajshani,4.76,29.79,83.03,89.09665071032151,24.54916538041177
2026-06-05,Rajshani,12.41,29.29,86.82,89.09665071032151,24.54916538041177
2026-06-06,Rajshani,13.32,29.41,85.77,89.09665071032151,24.54916538041177
2026-06-07,Rajshani,20.72,29.16,87.18,89.09665071032151,24.54916538041177
2026-06-08,Rajshani,6.16,29.13,86.68,89.09665071032151,24.54916538041177
2026-06-09,Rajshani,15.97,29.63,86.46,89.09665071032151,24.54916538041177
2026-06-10,Rajshani,12.09,28.92,89.83,89.09665071032151,24.54916538041177
2026-06-11,Rajshani,19.85,27.75,89.55,89.09665071032151,24.54916538041177
2026-06-12,Rajshani,10.12,28.66,82.37,89.09665071032151,24.54916538041177
2026-06-13,Rajshani,15.68,28.81,85.32,89.09665071032151,24.54916538041177
2026-06-14,Rajshani,3.44,28.91,86.69,89.09665071032151,24.54916538041177
2026-06-15,Rajshani,8.61,28.81,86.27,89.09665071032151,24.54916538041177
2026-06-16,Rajshani,5.8,29.08,85.85,89.09665071032151,24.54916538041177
2026-06-17,Rajshani,7.25,29.23,85.53,89.09665071032151,24.54916538041177
2026-06-18,Rajshani,14.04,29.28,87.89,89.09665071032151,24.54916538041177
2026-06-19,Rajshani,21.57,27.83,89.59,89.09665071032151,24.54916538041177
2026-06-20,Rajshani,4.38,28.76,86.8,89.09665071032151,24.54916538041177
2026-06-21,Rajshani,5.29,28.63,90.41,89.09665071032151,24.54916538041177
2026-06-22,Rajshani,14.33,28.36,89.42,89.09665071032151,24.54916538041177
2026-06-23,Rajshani,6.25,28.84,87.47,89.09665071032151,24.54916538041177
2026-06-24,Rajshani,0.66,28.98,88.45,89.09665071032151,24.54916538041177
2026-06-25,Rajshani,8.95,29.36,84.82,89.09665071032151,24.54916538041177
2026-06-26,Rajshani,7.19,29.18,84.01,89.09665071032151,24.54916538041177
2026-06-27,Rajshani,1.46,29.41,84.8,89.09665071032151,24.54916538041177
2026-06-28,Rajshani,1.61,29.69,84.95,89.09665071032151,24.54916538041177
2026-06-29,Rajshani,20.12,29.23,89.69,89.09665071032151,24.54916538041177
2026-06-30,Rajshani,19.86,29.43,84.01,89.09665071032151,24.54916538041177
2026-07-01,Rajshani,6.43,29.3,84.1,89.09665071032151,24.54916538041177
2026-07-02,Rajshani,5.8,29.44,86.64,89.09665071032151,24.54916538041177
2026-07-03,Rajshani,1.39,29.25,88.88,89.09665071032151,24.54916538041177
2026-07-04,Rajshani,2.71,29.01,87.86,89.09665071032151,24.54916538041177
2026-07-05,Rajshani,8.85,28.84,89.71,89.09665071032151,24.54916538041177
2026-07-06,Rajshani,6.44,28.87,89.63,89.09665071032151,24.54916538041177
2026-07-07,Rajshani,23.98,28.79,89.07,89.09665071032151,24.54916538041177
2026-07-08,Rajshani,37.0,29.08,89.15,89.09665071032151,24.54916538041177
2026-07-09,Rajshani,40.96,29.35,87.43,89.09665071032151,24.54916538041177
2026-07-10,Rajshani,33.27,29.33,88.01,89.09665071032151,24.54916538041177
2026-07-11,Rajshani,44.2,29.37,88.91,89.09665071032151,24.54916538041177
2026-07-12,Rajshani,14.12,29.2,88.92,89.09665071032151,24.54916538041177
2026-07-13,Rajshani,60.09,28.99,88.33,89.09665071032151,24.54916538041177
2026-07-14,Rajshani,11.0,29.16,87.75,89.09665071032151,24.54916538041177
2026-07-15,Rajshani,1.12,29.16,87.86,89.09665071032151,24.54916538041177
2026-07-16,Rajshani,3.19,28.41,89.16,89.09665071032151,24.54916538041177
2026-07-17,Rajshani,7.34,28.79,89.69,89.09665071032151,24.54916538041177
2026-07-18,Rajshani,9.18,29.34,89.0,89.09665071032151,24.54916538041177
2026-07-19,Rajshani,11.56,28.43,91.38,89.09665071032151,24.54916538041177
2026-07-20,Rajshani,20.73,27.67,92.12,89.09665071032151,24.54916538041177
2026-07-21,Rajshani,15.16,27.17,92.02,89.09665071032151,24.54916538041177
2026-07-22,Rajshani,18.05,28.1,90.42,89.09665071032151,24.54916538041177
2026-07-23,Rajshani,11.04,27.9,88.63,89.09665071032151,24.54916538041177
2026-07-24,Rajshani,10.69,28.51,86.78,89.09665071032151,24.54916538041177
2026-07-25,Rajshani,2.19,28.71,88.22,89.09665071032151,24.54916538041177
2026-07-26,Rajshani,2.41,28.58,87.12,89.09665071032151,24.54916538041177
2026-07-27,Rajshani,3.85,28.68,88.06,89.09665071032151,24.54916538041177
2026-07-28,Rajshani,6.63,28.45,88.58,89.09665071032151,24.54916538041177
2026-07-29,Rajshani,7.31,28.59,88.32,89.09665071032151,24.54916538041177
2026-07-30,Rajshani,10.22,28.61,89.43,89.09665071032151,24.54916538041177
2026-07-31,Rajshani,15.64,28.8,88.18,89.09665071032151,24.54916538041177
2026-08-01,Rajshani,7.76,28.94,87.12,89.09665071032151,24.54916538041177
2026-08-02,Rajshani,8.1,28.52,89.93,89.09665071032151,24.54916538041177
2026-08-03,Rajshani,11.82,29.1,89.78,89.09665071032151,24.54916538041177
2026-08-04,Rajshani,40.51,28.21,92.84,89.09665071032151,24.54916538041177
2026-08-05,Rajshani,9.4,27.83,92.43,89.09665071032151,24.54916538041177
2026-08-06,Rajshani,7.4,28.44,88.66,89.09665071032151,24.54916538041177
2026-08-07,Rajshani,13.48,27.95,88.93,89.09665071032151,24.54916538041177
2026-08-08,Rajshani,6.07,27.26,92.11,89.09665071032151,24.54916538041177
2026-08-09,Rajshani,4.55,29.02,85.46,89.09665071032151,24.54916538041177
2026-08-10,Rajshani,4.5,29.61,81.83,89.09665071032151,24.54916538041177
2026-08-11,Rajshani,6.03,30.68,79.56,89.09665071032151,24.54916538041177
2026-08-12,Rajshani,12.55,29.94,87.14,89.09665071032151,24.54916538041177
2026-08-13,Rajshani,7.94,28.36,88.42,89.09665071032151,24.54916538041177
2026-08-14,Rajshani,4.48,29.13,85.66,89.09665071032151,24.54916538041177
2026-08-15,Rajshani,5.46,29.14,86.99,89.09665071032151,24.54916538041177
2026-08-16,Rajshani,12.24,28.86,86.38,89.09665071032151,24.54916538041177
2026-08-17,Rajshani,33.37,27.65,91.7,89.09665071032151,24.54916538041177
2026-08-18,Rajshani,24.3,27.86,91.62,89.09665071032151,24.54916538041177
2026-08-19,Rajshani,6.26,28.97,87.86,89.09665071032151,24.54916538041177
2026-08-20,Rajshani,6.22,29.25,87.05,89.09665071032151,24.54916538041177
2026-08-21,Rajshani,7.17,29.62,87.62,89.09665071032151,24.54916538041177
2026-08-22,Rajshani,5.11,30.23,84.76,89.09665071032151,24.54916538041177
2026-08-23,Rajshani,4.3,29.13,88.26,89.09665071032151,24.54916538041177
2026-08-24,Rajshani,7.97,28.47,89.5,89.09665071032151,24.54916538041177
2026-08-25,Rajshani,9.61,28.73,88.74,89.09665071032151,24.54916538041177
2026-08-26,Rajshani,5.98,29.37,86.88,89.09665071032151,24.54916538041177
2026-08-27,Rajshani,7.26,29.79,87.41,89.09665071032151,24.54916538041177
2026-08-28,Rajshani,3.6,29.29,88.98,89.09665071032151,24.54916538041177
2026-08-29,Rajshani,2.97,29.97,84.43,89.09665071032151,24.54916538041177
2026-08-30,Rajshani,9.69,29.21,87.82,89.09665071032151,24.54916538041177
2026-08-31,Rajshani,6.73,28.33,89.23,89.09665071032151,24.54916538041177
2026-09-01,Rajshani,16.58,27.96,90.02,89.09665071032151,24.54916538041177
2026-09-02,Rajshani,22.4,27.76,89.86,89.09665071032151,24.54916538041177
2026-09-03,Rajshani,19.49,27.54,90.77,89.09665071032151,24.54916538041177
2026-09-04,Rajshani,14.79,28.04,88.91,89.09665071032151,24.54916538041177
2026-09-05,Rajshani,8.9,28.34,88.35,89.09665071032151,24.54916538041177
2026-09-06,Rajshani,7.58,27.29,94.0,89.09665071032151,24.54916538041177
2026-09-07,Rajshani,8.6,28.76,88.28,89.09665071032151,24.54916538041177
2026-09-08,Rajshani,8.37,29.6,86.51,89.09665071032151,24.54916538041177
2026-09-09,Rajshani,4.43,28.99,88.91,89.09665071032151,24.54916538041177
2026-09-10,Rajshani,5.7,29.26,87.29,89.09665071032151,24.54916538041177
2026-09-11,Rajshani,4.72,28.63,87.52,89.09665071032151,24.54916538041177
2026-09-12,Rajshani,3.97,28.52,86.79,89.09665071032151,24.54916538041177
2026-09-13,Rajshani,3.53,29.19,82.11,89.09665071032151,24.54916538041177
2026-09-14,Rajshani,1.72,30.07,75.03,89.09665071032151,24.54916538041177
2026-09-15,Rajshani,1.79,30.0,76.62,89.09665071032151,24.54916538041177
2026-09-16,Rajshani,4.25,29.62,79.46,89.09665071032151,24.54916538041177
2026-09-17,Rajshani,7.87,28.19,87.59,89.09665071032151,24.54916538041177
2026-09-18,Rajshani,,,,89.09665071032151,24.54916538041177
2026-09-19,Rajshani,,,,89.09665071032151,24.54916538041177
2026-09-20,Rajshani,,,,89.09665071032151,24.54916538041177
2025-10-06,Rangpur,8.85,26.67,82.37,89.09704308757841,25.741410012407325
2025-10-07,Rangpur,1.35,27.19,80.17,89.09704308757841,25.741410012407325
2025-10-08,Rangpur,5.5,27.39,82.75,89.09704308757841,25.741410012407325
2025-10-09,Rangpur,1.05,27.51,79.18,89.09704308757841,25.741410012407325
2025-10-10,Rangpur,1.24,27.06,82.42,89.09704308757841,25.741410012407325
2025-10-11,Rangpur,0.6,25.99,84.89,89.09704308757841,25.741410012407325
2025-10-12,Rangpur,0.1,25.74,85.69,89.09704308757841,25.741410012407325
2025-10-13,Rangpur,0.0,25.05,85.91,89.09704308757841,25.741410012407325
2025-10-14,Rangpur,0.0,24.5,84.22,89.09704308757841,25.741410012407325
2025-10-15,Rangpur,0.0,24.92,82.85,89.09704308757841,25.741410012407325
2025-10-16,Rangpur,0.0,26.26,81.79,89.09704308757841,25.741410012407325
2025-10-17,Rangpur,0.0,26.77,80.52,89.09704308757841,25.741410012407325
2025-10-18,Rangpur,0.0,26.78,81.11,89.09704308757841,25.741410012407325
2025-10-19,Rangpur,0.0,26.39,82.61,89.09704308757841,25.741410012407325
2025-10-20,Rangpur,0.0,26.19,82.05,89.09704308757841,25.741410012407325
2025-10-21,Rangpur,0.0,25.94,78.84,89.09704308757841,25.741410012407325
2025-10-22,Rangpur,0.0,26.05,76.03,89.09704308757841,25.741410012407325
2025-10-23,Rangpur,0.0,26.21,77.61,89.09704308757841,25.741410012407325
2025-10-24,Rangpur,0.01,25.98,78.56,89.09704308757841,25.741410012407325
2025-10-25,Rangpur,0.0,26.3,75.56,89.09704308757841,25.741410012407325
2025-10-26,Rangpur,0.0,26.75,75.76,89.09704308757841,25.741410012407325
2025-10-27,Rangpur,4.91,25.87,82.9,89.09704308757841,25.741410012407325
2025-10-28,Rangpur,1.59,25.98,79.11,89.09704308757841,25.741410012407325
2025-10-29,Rangpur,0.97,26.03,77.24,89.09704308757841,25.741410012407325
2025-10-30,Rangpur,13.2,24.33,90.62,89.09704308757841,25.741410012407325
2025-10-31,Rangpur,20.93,25.49,88.08,89.09704308757841,25.741410012407325
2025-11-01,Rangpur,43.8,25.45,92.35,89.09704308757841,25.741410012407325
2025-11-02,Rangpur,5.64,24.45,90.61,89.09704308757841,25.741410012407325
2025-11-03,Rangpur,0.26,24.18,82.1,89.09704308757841,25.741410012407325
2025-11-04,Rangpur,0.01,24.15,83.4,89.09704308757841,25.741410012407325
2025-11-05,Rangpur,0.08,24.29,83.72,89.09704308757841,25.741410012407325
2025-11-06,Rangpur,0.04,24.61,82.35,89.09704308757841,25.741410012407325
2025-11-07,Rangpur,0.0,23.87,84.23,89.09704308757841,25.741410012407325
2025-11-08,Rangpur,0.0,22.04,85.78,89.09704308757841,25.741410012407325
2025-11-09,Rangpur,0.0,21.58,85.8,89.09704308757841,25.741410012407325
2025-11-10,Rangpur,0.0,21.02,85.66,89.09704308757841,25.741410012407325
2025-11-11,Rangpur,0.0,19.15,82.96,89.09704308757841,25.741410012407325
2025-11-12,Rangpur,0.0,19.38,77.5,89.09704308757841,25.741410012407325
2025-11-13,Rangpur,0.0,20.14,76.93,89.09704308757841,25.741410012407325
2025-11-14,Rangpur,0.0,20.51,80.87,89.09704308757841,25.741410012407325
2025-11-15,Rangpur,0.0,20.31,82.12,89.09704308757841,25.741410012407325
2025-11-16,Rangpur,0.0,20.77,82.83,89.09704308757841,25.741410012407325
2025-11-17,Rangpur,0.0,20.48,84.88,89.09704308757841,25.741410012407325
2025-11-18,Rangpur,0.0,20.73,82.43,89.09704308757841,25.741410012407325
2025-11-19,Rangpur,0.0,20.83,80.88,89.09704308757841,25.741410012407325
2025-11-20,Rangpur,0.0,20.96,75.65,89.09704308757841,25.741410012407325
2025-11-21,Rangpur,0.0,20.72,70.75,89.09704308757841,25.741410012407325
2025-11-22,Rangpur,0.0,19.51,80.56,89.09704308757841,25.741410012407325
2025-11-23,Rangpur,0.0,19.62,80.12,89.09704308757841,25.741410012407325
2025-11-24,Rangpur,0.0,19.19,82.23,89.09704308757841,25.741410012407325
2025-11-25,Rangpur,0.0,19.11,84.08,89.09704308757841,25.741410012407325
2025-11-26,Rangpur,0.0,19.47,82.49,89.09704308757841,25.741410012407325
2025-11-27,Rangpur,0.0,20.12,81.83,89.09704308757841,25.741410012407325
2025-11-28,Rangpur,0.0,21.07,80.8,89.09704308757841,25.741410012407325
2025-11-29,Rangpur,0.0,19.95,82.62,89.09704308757841,25.741410012407325
2025-11-30,Rangpur,0.0,19.31,83.0,89.09704308757841,25.741410012407325
2025-12-01,Rangpur,0.0,17.81,85.49,89.09704308757841,25.741410012407325
2025-12-02,Rangpur,0.0,17.87,80.3,89.09704308757841,25.741410012407325
2025-12-03,Rangpur,0.0,17.72,82.26,89.09704308757841,25.741410012407325
2025-12-04,Rangpur,0.0,17.86,81.55,89.09704308757841,25.741410012407325
2025-12-05,Rangpur,0.0,17.31,83.08,89.09704308757841,25.741410012407325
2025-12-06,Rangpur,0.0,16.81,79.84,89.09704308757841,25.741410012407325
2025-12-07,Rangpur,0.0,16.96,83.25,89.09704308757841,25.741410012407325
2025-12-08,Rangpur,0.0,17.97,80.59,89.09704308757841,25.741410012407325
2025-12-09,Rangpur,0.0,18.41,80.58,89.09704308757841,25.741410012407325
2025-12-10,Rangpur,0.0,18.04,80.76,89.09704308757841,25.741410012407325
2025-12-11,Rangpur,0.0,17.58,78.43,89.09704308757841,25.741410012407325
2025-12-12,Rangpur,0.0,18.5,74.82,89.09704308757841,25.741410012407325
2025-12-13,Rangpur,0.0,18.5,74.71,89.09704308757841,25.741410012407325
2025-12-14,Rangpur,0.0,18.31,78.51,89.09704308757841,25.741410012407325
2025-12-15,Rangpur,0.0,18.27,78.61,89.09704308757841,25.741410012407325
2025-12-16,Rangpur,0.0,18.19,78.17,89.09704308757841,25.741410012407325
2025-12-17,Rangpur,0.0,17.98,81.67,89.09704308757841,25.741410012407325
2025-12-18,Rangpur,0.0,17.9,78.94,89.09704308757841,25.741410012407325
2025-12-19,Rangpur,0.0,17.44,81.03,89.09704308757841,25.741410012407325
2025-12-20,Rangpur,0.0,16.56,83.43,89.09704308757841,25.741410012407325
2025-12-21,Rangpur,0.0,17.1,82.1,89.09704308757841,25.741410012407325
2025-12-22,Rangpur,0.0,17.38,83.27,89.09704308757841,25.741410012407325
2025-12-23,Rangpur,0.0,16.04,82.63,89.09704308757841,25.741410012407325
2025-12-24,Rangpur,0.0,15.51,83.16,89.09704308757841,25.741410012407325
2025-12-25,Rangpur,0.0,15.57,82.82,89.09704308757841,25.741410012407325
2025-12-26,Rangpur,0.0,16.3,83.6,89.09704308757841,25.741410012407325
2025-12-27,Rangpur,0.0,16.08,83.91,89.09704308757841,25.741410012407325
2025-12-28,Rangpur,0.0,15.27,84.27,89.09704308757841,25.741410012407325
2025-12-29,Rangpur,0.0,14.46,85.06,89.09704308757841,25.741410012407325
2025-12-30,Rangpur,0.01,13.21,84.2,89.09704308757841,25.741410012407325
2025-12-31,Rangpur,0.02,14.02,81.93,89.09704308757841,25.741410012407325
2026-01-01,Rangpur,0.0,15.58,81.15,89.09704308757841,25.741410012407325
2026-01-02,Rangpur,0.0,15.98,82.96,89.09704308757841,25.741410012407325
2026-01-03,Rangpur,0.0,15.38,77.61,89.09704308757841,25.741410012407325
2026-01-04,Rangpur,0.0,14.75,79.06,89.09704308757841,25.741410012407325
2026-01-05,Rangpur,0.0,13.89,80.4,89.09704308757841,25.741410012407325
2026-01-06,Rangpur,0.0,13.83,80.17,89.09704308757841,25.741410012407325
2026-01-07,Rangpur,0.0,14.46,75.12,89.09704308757841,25.741410012407325
2026-01-08,Rangpur,0.0,14.81,74.79,89.09704308757841,25.741410012407325
2026-01-09,Rangpur,0.0,15.01,72.55,89.09704308757841,25.741410012407325
2026-01-10,Rangpur,0.0,14.53,74.16,89.09704308757841,25.741410012407325
2026-01-11,Rangpur,0.0,14.89,73.88,89.09704308757841,25.741410012407325
2026-01-12,Rangpur,0.0,15.73,73.97,89.09704308757841,25.741410012407325
2026-01-13,Rangpur,0.0,15.27,72.77,89.09704308757841,25.741410012407325
2026-01-14,Rangpur,0.0,15.84,72.0,89.09704308757841,25.741410012407325
2026-01-15,Rangpur,0.0,15.83,72.63,89.09704308757841,25.741410012407325
2026-01-16,Rangpur,0.0,16.4,71.73,89.09704308757841,25.741410012407325
2026-01-17,Rangpur,0.0,16.57,70.26,89.09704308757841,25.741410012407325
2026-01-18,Rangpur,0.0,17.6,70.07,89.09704308757841,25.741410012407325
2026-01-19,Rangpur,0.0,17.79,70.08,89.09704308757841,25.741410012407325
2026-01-20,Rangpur,0.0,19.14,61.12,89.09704308757841,25.741410012407325
2026-01-21,Rangpur,0.0,19.04,59.32,89.09704308757841,25.741410012407325
2026-01-22,Rangpur,0.0,17.98,60.18,89.09704308757841,25.741410012407325
2026-01-23,Rangpur,0.0,18.29,64.69,89.09704308757841,25.741410012407325
2026-01-24,Rangpur,0.0,18.8,72.1,89.09704308757841,25.741410012407325
2026-01-25,Rangpur,0.0,19.48,58.55,89.09704308757841,25.741410012407325
2026-01-26,Rangpur,0.0,19.13,61.86,89.09704308757841,25.741410012407325
2026-01-27,Rangpur,0.0,18.62,67.58,89.09704308757841,25.741410012407325
2026-01-28,Rangpur,0.0,19.06,69.33,89.09704308757841,25.741410012407325
2026-01-29,Rangpur,0.0,19.14,66.1,89.09704308757841,25.741410012407325
2026-01-30,Rangpur,0.0,18.18,64.91,89.09704308757841,25.741410012407325
2026-01-31,Rangpur,0.0,18.79,62.6,89.09704308757841,25.741410012407325
2026-02-01,Rangpur,0.0,18.68,67.16,89.09704308757841,25.741410012407325
2026-02-02,Rangpur,0.0,18.86,69.24,89.09704308757841,25.741410012407325
2026-02-03,Rangpur,0.0,20.1,68.97,89.09704308757841,25.741410012407325
2026-02-04,Rangpur,0.0,20.16,62.42,89.09704308757841,25.741410012407325
2026-02-05,Rangpur,0.0,18.36,54.07,89.09704308757841,25.741410012407325
2026-02-06,Rangpur,0.0,16.88,54.38,89.09704308757841,25.741410012407325
2026-02-07,Rangpur,0.0,17.23,57.22,89.09704308757841,25.741410012407325
2026-02-08,Rangpur,0.0,18.76,54.33,89.09704308757841,25.741410012407325
2026-02-09,Rangpur,0.0,19.33,53.23,89.09704308757841,25.741410012407325
2026-02-10,Rangpur,0.0,19.36,57.74,89.09704308757841,25.741410012407325
2026-02-11,Rangpur,0.0,19.44,54.2,89.09704308757841,25.741410012407325
2026-02-12,Rangpur,0.0,19.62,49.76,89.09704308757841,25.741410012407325
2026-02-13,Rangpur,0.0,20.14,49.72,89.09704308757841,25.741410012407325
2026-02-14,Rangpur,0.0,19.77,52.25,89.09704308757841,25.741410012407325
2026-02-15,Rangpur,0.0,20.44,49.66,89.09704308757841,25.741410012407325
2026-02-16,Rangpur,0.0,20.78,49.92,89.09704308757841,25.741410012407325
2026-02-17,Rangpur,0.0,21.49,62.04,89.09704308757841,25.741410012407325
2026-02-18,Rangpur,0.0,22.93,53.51,89.09704308757841,25.741410012407325
2026-02-19,Rangpur,0.0,23.92,48.04,89.09704308757841,25.741410012407325
2026-02-20,Rangpur,0.0,24.01,49.3,89.09704308757841,25.741410012407325
2026-02-21,Rangpur,0.0,23.15,48.35,89.09704308757841,25.741410012407325
2026-02-22,Rangpur,0.0,22.88,44.98,89.09704308757841,25.741410012407325
2026-02-23,Rangpur,0.0,23.57,43.4,89.09704308757841,25.741410012407325
2026-02-24,Rangpur,0.11,22.77,51.98,89.09704308757841,25.741410012407325
2026-02-25,Rangpur,0.0,22.85,52.26,89.09704308757841,25.741410012407325
2026-02-26,Rangpur,0.0,22.7,46.22,89.09704308757841,25.741410012407325
2026-02-27,Rangpur,0.0,22.81,39.77,89.09704308757841,25.741410012407325
2026-02-28,Rangpur,0.0,23.45,38.71,89.09704308757841,25.741410012407325
2026-03-01,Rangpur,0.0,23.78,43.39,89.09704308757841,25.741410012407325
2026-03-02,Rangpur,0.02,24.4,45.93,89.09704308757841,25.741410012407325
2026-03-03,Rangpur,0.0,23.55,48.33,89.09704308757841,25.741410012407325
2026-03-04,Rangpur,0.0,24.45,47.9,89.09704308757841,25.741410012407325
2026-03-05,Rangpur,0.0,25.51,52.17,89.09704308757841,25.741410012407325
2026-03-06,Rangpur,0.0,27.0,45.15,89.09704308757841,25.741410012407325
2026-03-07,Rangpur,0.0,26.28,47.28,89.09704308757841,25.741410012407325
2026-03-08,Rangpur,0.0,25.97,56.65,89.09704308757841,25.741410012407325
2026-03-09,Rangpur,0.02,26.1,54.59,89.09704308757841,25.741410012407325
2026-03-10,Rangpur,0.05,27.19,52.72,89.09704308757841,25.741410012407325
2026-03-11,Rangpur,1.99,27.55,53.53,89.09704308757841,25.741410012407325
2026-03-12,Rangpur,31.28,26.27,68.9,89.09704308757841,25.741410012407325
2026-03-13,Rangpur,27.82,25.64,71.12,89.09704308757841,25.741410012407325
2026-03-14,Rangpur,3.51,25.69,66.82,89.09704308757841,25.741410012407325
2026-03-15,Rangpur,6.36,25.9,69.3,89.09704308757841,25.741410012407325
2026-03-16,Rangpur,5.48,24.81,74.58,89.09704308757841,25.741410012407325
2026-03-17,Rangpur,7.24,25.78,64.12,89.09704308757841,25.741410012407325
2026-03-18,Rangpur,0.62,25.6,60.5,89.09704308757841,25.741410012407325
2026-03-19,Rangpur,6.03,25.41,71.84,89.09704308757841,25.741410012407325
2026-03-20,Rangpur,6.97,23.59,80.75,89.09704308757841,25.741410012407325
2026-03-21,Rangpur,18.8,21.81,83.88,89.09704308757841,25.741410012407325
2026-03-22,Rangpur,3.35,21.79,73.63,89.09704308757841,25.741410012407325
2026-03-23,Rangpur,1.31,22.95,64.43,89.09704308757841,25.741410012407325
2026-03-24,Rangpur,6.08,24.38,65.37,89.09704308757841,25.741410012407325
2026-03-25,Rangpur,1.83,24.92,63.62,89.09704308757841,25.741410012407325
2026-03-26,Rangpur,1.64,24.91,63.61,89.09704308757841,25.741410012407325
2026-03-27,Rangpur,0.37,25.63,58.75,89.09704308757841,25.741410012407325
2026-03-28,Rangpur,32.93,22.67,80.17,89.09704308757841,25.741410012407325
2026-03-29,Rangpur,8.26,23.59,75.59,89.09704308757841,25.741410012407325
2026-03-30,Rangpur,1.58,25.12,73.09,89.09704308757841,25.741410012407325
2026-03-31,Rangpur,10.17,25.93,75.78,89.09704308757841,25.741410012407325
2026-04-01,Rangpur,24.77,26.2,74.07,89.09704308757841,25.741410012407325
2026-04-02,Rangpur,0.72,26.96,66.38,89.09704308757841,25.741410012407325
2026-04-03,Rangpur,0.31,27.18,65.37,89.09704308757841,25.741410012407325
2026-04-04,Rangpur,0.49,28.03,65.23,89.09704308757841,25.741410012407325
2026-04-05,Rangpur,0.04,26.44,63.49,89.09704308757841,25.741410012407325
2026-04-06,Rangpur,0.02,25.48,69.96,89.09704308757841,25.741410012407325
2026-04-07,Rangpur,1.1,26.45,64.2,89.09704308757841,25.741410012407325
2026-04-08,Rangpur,0.72,25.25,69.96,89.09704308757841,25.741410012407325
2026-04-09,Rangpur,12.99,23.88,72.96,89.09704308757841,25.741410012407325
2026-04-10,Rangpur,10.56,24.4,61.01,89.09704308757841,25.741410012407325
2026-04-11,Rangpur,5.37,24.73,52.45,89.09704308757841,25.741410012407325
2026-04-12,Rangpur,0.0,25.44,61.21,89.09704308757841,25.741410012407325
2026-04-13,Rangpur,0.2,26.33,64.83,89.09704308757841,25.741410012407325
2026-04-14,Rangpur,8.07,26.95,70.23,89.09704308757841,25.741410012407325
2026-04-15,Rangpur,2.35,26.96,70.42,89.09704308757841,25.741410012407325
2026-04-16,Rangpur,9.96,26.99,76.77,89.09704308757841,25.741410012407325
2026-04-17,Rangpur,2.7,27.71,74.66,89.09704308757841,25.741410012407325
2026-04-18,Rangpur,23.23,27.46,78.42,89.09704308757841,25.741410012407325
2026-04-19,Rangpur,0.39,27.92,77.3,89.09704308757841,25.741410012407325
2026-04-20,Rangpur,13.34,28.7,77.37,89.09704308757841,25.741410012407325
2026-04-21,Rangpur,2.8,29.14,66.05,89.09704308757841,25.741410012407325
2026-04-22,Rangpur,2.6,28.55,68.34,89.09704308757841,25.741410012407325
2026-04-23,Rangpur,0.95,28.06,78.25,89.09704308757841,25.741410012407325
2026-04-24,Rangpur,3.21,28.23,79.86,89.09704308757841,25.741410012407325
2026-04-25,Rangpur,4.99,28.95,79.35,89.09704308757841,25.741410012407325
2026-04-26,Rangpur,48.41,26.88,81.84,89.09704308757841,25.741410012407325
2026-04-27,Rangpur,19.61,26.32,85.17,89.09704308757841,25.741410012407325
2026-04-28,Rangpur,14.16,28.07,83.13,89.09704308757841,25.741410012407325
2026-04-29,Rangpur,49.77,26.19,89.01,89.09704308757841,25.741410012407325
2026-04-30,Rangpur,15.2,24.61,87.87,89.09704308757841,25.741410012407325
2026-05-01,Rangpur,15.69,25.02,85.19,89.09704308757841,25.741410012407325
2026-05-02,Rangpur,11.06,25.62,81.48,89.09704308757841,25.741410012407325
2026-05-03,Rangpur,2.73,25.6,82.2,89.09704308757841,25.741410012407325
2026-05-04,Rangpur,11.76,26.0,84.09,89.09704308757841,25.741410012407325
2026-05-05,Rangpur,12.53,26.34,82.76,89.09704308757841,25.741410012407325
2026-05-06,Rangpur,23.61,26.71,79.46,89.09704308757841,25.741410012407325
2026-05-07,Rangpur,5.01,27.16,72.42,89.09704308757841,25.741410012407325
2026-05-08,Rangpur,6.02,26.47,74.86,89.09704308757841,25.741410012407325
2026-05-09,Rangpur,6.01,27.26,71.87,89.09704308757841,25.741410012407325
2026-05-10,Rangpur,5.7,26.74,77.36,89.09704308757841,25.741410012407325
2026-05-11,Rangpur,9.12,25.82,81.98,89.09704308757841,25.741410012407325
2026-05-12,Rangpur,4.91,26.32,83.65,89.09704308757841,25.741410012407325
2026-05-13,Rangpur,47.38,26.72,86.31,89.09704308757841,25.741410012407325
2026-05-14,Rangpur,19.19,27.91,83.31,89.09704308757841,25.741410012407325
2026-05-15,Rangpur,3.77,28.46,84.31,89.09704308757841,25.741410012407325
2026-05-16,Rangpur,23.07,29.14,81.25,89.09704308757841,25.741410012407325
2026-05-17,Rangpur,43.38,28.97,84.82,89.09704308757841,25.741410012407325
2026-05-18,Rangpur,27.06,28.71,86.91,89.09704308757841,25.741410012407325
2026-05-19,Rangpur,6.14,28.63,87.26,89.09704308757841,25.741410012407325
2026-05-20,Rangpur,2.73,29.31,85.3,89.09704308757841,25.741410012407325
2026-05-21,Rangpur,57.7,29.28,87.08,89.09704308757841,25.741410012407325
2026-05-22,Rangpur,17.4,29.35,86.86,89.09704308757841,25.741410012407325
2026-05-23,Rangpur,0.69,29.93,84.82,89.09704308757841,25.741410012407325
2026-05-24,Rangpur,16.39,29.63,84.1,89.09704308757841,25.741410012407325
2026-05-25,Rangpur,39.01,28.66,89.81,89.09704308757841,25.741410012407325
2026-05-26,Rangpur,33.29,28.27,89.02,89.09704308757841,25.741410012407325
2026-05-27,Rangpur,17.16,27.47,88.25,89.09704308757841,25.741410012407325
2026-05-28,Rangpur,16.68,27.16,89.11,89.09704308757841,25.741410012407325
2026-05-29,Rangpur,5.32,27.91,82.61,89.09704308757841,25.741410012407325
2026-05-30,Rangpur,2.3,28.85,78.09,89.09704308757841,25.741410012407325
2026-05-31,Rangpur,0.09,29.27,78.35,89.09704308757841,25.741410012407325
2026-06-01,Rangpur,0.0,29.86,79.9,89.09704308757841,25.741410012407325
2026-06-02,Rangpur,1.25,29.57,84.39,89.09704308757841,25.741410012407325
2026-06-03,Rangpur,0.0,29.8,81.96,89.09704308757841,25.741410012407325
2026-06-04,Rangpur,3.65,29.56,85.32,89.09704308757841,25.741410012407325
2026-06-05,Rangpur,16.01,29.24,87.67,89.09704308757841,25.741410012407325
2026-06-06,Rangpur,11.37,29.2,86.98,89.09704308757841,25.741410012407325
2026-06-07,Rangpur,6.4,29.42,86.22,89.09704308757841,25.741410012407325
2026-06-08,Rangpur,6.95,29.02,87.56,89.09704308757841,25.741410012407325
2026-06-09,Rangpur,18.02,29.42,86.2,89.09704308757841,25.741410012407325
2026-06-10,Rangpur,22.37,28.77,90.01,89.09704308757841,25.741410012407325
2026-06-11,Rangpur,21.96,27.86,88.35,89.09704308757841,25.741410012407325
2026-06-12,Rangpur,2.25,28.4,83.15,89.09704308757841,25.741410012407325
2026-06-13,Rangpur,12.7,28.64,84.93,89.09704308757841,25.741410012407325
2026-06-14,Rangpur,1.43,29.15,86.12,89.09704308757841,25.741410012407325
2026-06-15,Rangpur,14.66,29.06,86.74,89.09704308757841,25.741410012407325
2026-06-16,Rangpur,11.58,28.73,88.42,89.09704308757841,25.741410012407325
2026-06-17,Rangpur,12.88,29.1,86.81,89.09704308757841,25.741410012407325
2026-06-18,Rangpur,17.72,29.06,89.37,89.09704308757841,25.741410012407325
2026-06-19,Rangpur,13.23,27.99,89.71,89.09704308757841,25.741410012407325
2026-06-20,Rangpur,8.98,28.67,87.95,89.09704308757841,25.741410012407325
2026-06-21,Rangpur,25.38,29.04,89.56,89.09704308757841,25.741410012407325
2026-06-22,Rangpur,17.5,28.46,89.88,89.09704308757841,25.741410012407325
2026-06-23,Rangpur,17.71,28.81,88.75,89.09704308757841,25.741410012407325
2026-06-24,Rangpur,5.69,29.02,89.17,89.09704308757841,25.741410012407325
2026-06-25,Rangpur,27.37,29.27,86.7,89.09704308757841,25.741410012407325
2026-06-26,Rangpur,6.77,29.19,86.16,89.09704308757841,25.741410012407325
2026-06-27,Rangpur,8.79,29.37,86.8,89.09704308757841,25.741410012407325
2026-06-28,Rangpur,33.69,29.39,87.99,89.09704308757841,25.741410012407325
2026-06-29,Rangpur,44.42,29.01,90.68,89.09704308757841,25.741410012407325
2026-06-30,Rangpur,23.57,28.74,88.43,89.09704308757841,25.741410012407325
2026-07-01,Rangpur,1.73,28.85,86.86,89.09704308757841,25.741410012407325
2026-07-02,Rangpur,7.74,29.32,87.31,89.09704308757841,25.741410012407325
2026-07-03,Rangpur,0.32,29.26,88.8,89.09704308757841,25.741410012407325
2026-07-04,Rangpur,0.24,30.04,85.58,89.09704308757841,25.741410012407325
2026-07-05,Rangpur,3.98,28.94,89.0,89.09704308757841,25.741410012407325
2026-07-06,Rangpur,5.32,29.25,88.51,89.09704308757841,25.741410012407325
2026-07-07,Rangpur,28.68,29.07,88.44,89.09704308757841,25.741410012407325
2026-07-08,Rangpur,41.09,28.83,90.66,89.09704308757841,25.741410012407325
2026-07-09,Rangpur,50.55,29.15,89.11,89.09704308757841,25.741410012407325
2026-07-10,Rangpur,17.01,29.57,87.41,89.09704308757841,25.741410012407325
2026-07-11,Rangpur,19.64,29.64,88.2,89.09704308757841,25.741410012407325
2026-07-12,Rangpur,5.25,29.27,89.29,89.09704308757841,25.741410012407325
2026-07-13,Rangpur,63.71,28.69,90.05,89.09704308757841,25.741410012407325
2026-07-14,Rangpur,4.77,28.9,89.86,89.09704308757841,25.741410012407325
2026-07-15,Rangpur,1.41,29.68,84.45,89.09704308757841,25.741410012407325
2026-07-16,Rangpur,1.3,28.79,88.1,89.09704308757841,25.741410012407325
2026-07-17,Rangpur,18.28,29.02,88.99,89.09704308757841,25.741410012407325
2026-07-18,Rangpur,14.9,29.5,88.78,89.09704308757841,25.741410012407325
2026-07-19,Rangpur,23.23,28.28,92.25,89.09704308757841,25.741410012407325
2026-07-20,Rangpur,34.42,27.78,91.0,89.09704308757841,25.741410012407325
2026-07-21,Rangpur,7.69,27.29,90.94,89.09704308757841,25.741410012407325
2026-07-22,Rangpur,14.47,28.13,90.56,89.09704308757841,25.741410012407325
2026-07-23,Rangpur,8.72,28.09,88.15,89.09704308757841,25.741410012407325
2026-07-24,Rangpur,3.05,28.64,88.05,89.09704308757841,25.741410012407325
2026-07-25,Rangpur,0.31,29.03,87.37,89.09704308757841,25.741410012407325
2026-07-26,Rangpur,1.5,28.99,86.06,89.09704308757841,25.741410012407325
2026-07-27,Rangpur,1.57,29.21,86.42,89.09704308757841,25.741410012407325
2026-07-28,Rangpur,6.04,28.74,88.95,89.09704308757841,25.741410012407325
2026-07-29,Rangpur,2.97,28.58,87.62,89.09704308757841,25.741410012407325
2026-07-30,Rangpur,4.23,28.71,88.25,89.09704308757841,25.741410012407325
2026-07-31,Rangpur,7.85,29.12,87.16,89.09704308757841,25.741410012407325
2026-08-01,Rangpur,7.46,28.63,87.75,89.09704308757841,25.741410012407325
2026-08-02,Rangpur,12.93,28.36,90.52,89.09704308757841,25.741410012407325
2026-08-03,Rangpur,9.75,28.22,92.42,89.09704308757841,25.741410012407325
2026-08-04,Rangpur,13.91,27.75,94.27,89.09704308757841,25.741410012407325
2026-08-05,Rangpur,15.19,27.94,91.46,89.09704308757841,25.741410012407325
2026-08-06,Rangpur,8.21,28.94,86.68,89.09704308757841,25.741410012407325
2026-08-07,Rangpur,16.94,28.44,87.95,89.09704308757841,25.741410012407325
2026-08-08,Rangpur,4.95,28.6,86.69,89.09704308757841,25.741410012407325
2026-08-09,Rangpur,7.15,29.24,84.43,89.09704308757841,25.741410012407325
2026-08-10,Rangpur,5.91,29.82,83.63,89.09704308757841,25.741410012407325
2026-08-11,Rangpur,8.36,30.8,79.75,89.09704308757841,25.741410012407325
2026-08-12,Rangpur,4.23,31.16,81.3,89.09704308757841,25.741410012407325
2026-08-13,Rangpur,12.96,29.76,84.65,89.09704308757841,25.741410012407325
2026-08-14,Rangpur,2.45,29.45,83.44,89.09704308757841,25.741410012407325
2026-08-15,Rangpur,2.58,29.37,84.92,89.09704308757841,25.741410012407325
2026-08-16,Rangpur,8.92,29.73,82.74,89.09704308757841,25.741410012407325
2026-08-17,Rangpur,22.36,28.05,88.26,89.09704308757841,25.741410012407325
2026-08-18,Rangpur,11.82,28.35,88.35,89.09704308757841,25.741410012407325
2026-08-19,Rangpur,5.6,29.3,86.12,89.09704308757841,25.741410012407325
2026-08-20,Rangpur,7.48,29.72,87.1,89.09704308757841,25.741410012407325
2026-08-21,Rangpur,4.0,30.06,84.59,89.09704308757841,25.741410012407325
2026-08-22,Rangpur,6.07,30.86,82.77,89.09704308757841,25.741410012407325
2026-08-23,Rangpur,5.79,29.55,89.23,89.09704308757841,25.741410012407325
2026-08-24,Rangpur,9.09,28.63,87.96,89.09704308757841,25.741410012407325
2026-08-25,Rangpur,11.8,28.66,88.24,89.09704308757841,25.741410012407325
2026-08-26,Rangpur,8.15,29.38,86.21,89.09704308757841,25.741410012407325
2026-08-27,Rangpur,6.32,29.96,86.41,89.09704308757841,25.741410012407325
2026-08-28,Rangpur,4.21,29.55,87.41,89.09704308757841,25.741410012407325
2026-08-29,Rangpur,3.8,30.37,82.54,89.09704308757841,25.741410012407325
2026-08-30,Rangpur,6.94,30.39,83.68,89.09704308757841,25.741410012407325
2026-08-31,Rangpur,6.93,28.64,87.76,89.09704308757841,25.741410012407325
2026-09-01,Rangpur,18.42,27.68,91.14,89.09704308757841,25.741410012407325
2026-09-02,Rangpur,8.21,27.9,86.72,89.09704308757841,25.741410012407325
2026-09-03,Rangpur,16.23,27.91,87.97,89.09704308757841,25.741410012407325
2026-09-04,Rangpur,10.35,28.09,87.96,89.09704308757841,25.741410012407325
2026-09-05,Rangpur,10.98,28.26,88.38,89.09704308757841,25.741410012407325
2026-09-06,Rangpur,11.69,27.4,93.37,89.09704308757841,25.741410012407325
2026-09-07,Rangpur,11.43,28.75,87.4,89.09704308757841,25.741410012407325
2026-09-08,Rangpur,7.92,29.33,87.77,89.09704308757841,25.741410012407325
2026-09-09,Rangpur,4.42,29.38,86.83,89.09704308757841,25.741410012407325
2026-09-10,Rangpur,6.17,30.11,83.51,89.09704308757841,25.741410012407325
2026-09-11,Rangpur,7.57,29.55,86.83,89.09704308757841,25.741410012407325
2026-09-12,Rangpur,5.42,28.88,85.92,89.09704308757841,25.741410012407325
2026-09-13,Rangpur,5.69,29.01,84.53,89.09704308757841,25.741410012407325
2026-09-14,Rangpur,2.21,29.66,79.21,89.09704308757841,25.741410012407325
2026-09-15,Rangpur,2.76,29.85,77.7,89.09704308757841,25.741410012407325
2026-09-16,Rangpur,7.08,29.11,84.2,89.09704308757841,25.741410012407325
2026-09-17,Rangpur,7.9,28.33,88.88,89.09704308757841,25.741410012407325
2026-09-18,Rangpur,,,,89.09704308757841,25.741410012407325
2026-09-19,Rangpur,,,,89.09704308757841,25.741410012407325
2026-09-20,Rangpur,,,,89.09704308757841,25.741410012407325
2025-10-06,Sylhet,30.47,26.54,92.3,91.70274973904529,24.73004467668604
2025-10-07,Sylhet,2.91,26.6,89.18,91.70274973904529,24.73004467668604
2025-10-08,Sylhet,35.89,27.26,86.58,91.70274973904529,24.73004467668604
2025-10-09,Sylhet,15.0,27.47,84.36,91.70274973904529,24.73004467668604
2025-10-10,Sylhet,11.9,27.13,86.84,91.70274973904529,24.73004467668604
2025-10-11,Sylhet,16.9,26.61,89.35,91.70274973904529,24.73004467668604
2025-10-12,Sylhet,1.56,26.15,87.77,91.70274973904529,24.73004467668604
2025-10-13,Sylhet,0.02,25.88,84.76,91.70274973904529,24.73004467668604
2025-10-14,Sylhet,0.0,26.62,84.4,91.70274973904529,24.73004467668604
2025-10-15,Sylhet,0.0,26.79,85.16,91.70274973904529,24.73004467668604
2025-10-16,Sylhet,0.01,27.19,84.05,91.70274973904529,24.73004467668604
2025-10-17,Sylhet,0.0,27.4,82.3,91.70274973904529,24.73004467668604
2025-10-18,Sylhet,0.0,27.28,80.74,91.70274973904529,24.73004467668604
2025-10-19,Sylhet,0.02,27.53,73.86,91.70274973904529,24.73004467668604
2025-10-20,Sylhet,0.02,27.29,74.64,91.70274973904529,24.73004467668604
2025-10-21,Sylhet,0.0,27.71,77.05,91.70274973904529,24.73004467668604
2025-10-22,Sylhet,0.04,28.41,76.04,91.70274973904529,24.73004467668604
2025-10-23,Sylhet,0.21,27.98,80.07,91.70274973904529,24.73004467668604
2025-10-24,Sylhet,0.25,26.99,81.53,91.70274973904529,24.73004467668604
2025-10-25,Sylhet,0.03,26.78,78.36,91.70274973904529,24.73004467668604
2025-10-26,Sylhet,0.07,26.56,75.42,91.70274973904529,24.73004467668604
2025-10-27,Sylhet,0.02,26.22,78.79,91.70274973904529,24.73004467668604
2025-10-28,Sylhet,0.0,27.04,73.71,91.70274973904529,24.73004467668604
2025-10-29,Sylhet,1.07,26.95,78.21,91.70274973904529,24.73004467668604
2025-10-30,Sylhet,32.98,27.4,81.53,91.70274973904529,24.73004467668604
2025-10-31,Sylhet,3.85,27.4,83.92,91.70274973904529,24.73004467668604
2025-11-01,Sylhet,8.27,27.11,87.01,91.70274973904529,24.73004467668604
2025-11-02,Sylhet,18.63,26.29,91.92,91.70274973904529,24.73004467668604
2025-11-03,Sylhet,1.17,25.55,88.08,91.70274973904529,24.73004467668604
2025-11-04,Sylhet,0.44,26.57,83.8,91.70274973904529,24.73004467668604
2025-11-05,Sylhet,7.96,25.96,90.06,91.70274973904529,24.73004467668604
2025-11-06,Sylhet,20.72,25.6,89.16,91.70274973904529,24.73004467668604
2025-11-07,Sylhet,0.2,25.31,78.94,91.70274973904529,24.73004467668604
2025-11-08,Sylhet,0.0,24.35,80.86,91.70274973904529,24.73004467668604
2025-11-09,Sylhet,0.0,22.87,80.21,91.70274973904529,24.73004467668604
2025-11-10,Sylhet,0.0,22.13,79.81,91.70274973904529,24.73004467668604
2025-11-11,Sylhet,0.0,21.98,80.75,91.70274973904529,24.73004467668604
2025-11-12,Sylhet,0.0,21.82,80.76,91.70274973904529,24.73004467668604
2025-11-13,Sylhet,0.0,21.63,79.69,91.70274973904529,24.73004467668604
2025-11-14,Sylhet,0.0,21.94,69.53,91.70274973904529,24.73004467668604
2025-11-15,Sylhet,0.0,21.3,74.54,91.70274973904529,24.73004467668604
2025-11-16,Sylhet,0.0,21.67,79.5,91.70274973904529,24.73004467668604
2025-11-17,Sylhet,0.0,22.32,79.03,91.70274973904529,24.73004467668604
2025-11-18,Sylhet,0.0,22.69,81.11,91.70274973904529,24.73004467668604
2025-11-19,Sylhet,0.0,22.47,80.04,91.70274973904529,24.73004467668604
2025-11-20,Sylhet,0.0,21.76,80.1,91.70274973904529,24.73004467668604
2025-11-21,Sylhet,0.0,20.74,77.88,91.70274973904529,24.73004467668604
2025-11-22,Sylhet,0.0,20.33,74.43,91.70274973904529,24.73004467668604
2025-11-23,Sylhet,0.0,20.02,77.21,91.70274973904529,24.73004467668604
2025-11-24,Sylhet,0.0,19.5,81.67,91.70274973904529,24.73004467668604
2025-11-25,Sylhet,0.0,19.95,77.02,91.70274973904529,24.73004467668604
2025-11-26,Sylhet,0.0,19.79,74.69,91.70274973904529,24.73004467668604
2025-11-27,Sylhet,0.0,20.65,77.55,91.70274973904529,24.73004467668604
2025-11-28,Sylhet,0.0,20.25,81.66,91.70274973904529,24.73004467668604
2025-11-29,Sylhet,0.0,19.91,77.12,91.70274973904529,24.73004467668604
2025-11-30,Sylhet,0.0,19.73,77.28,91.70274973904529,24.73004467668604
2025-12-01,Sylhet,0.0,19.65,83.19,91.70274973904529,24.73004467668604
2025-12-02,Sylhet,0.0,20.08,81.72,91.70274973904529,24.73004467668604
2025-12-03,Sylhet,0.0,19.41,79.43,91.70274973904529,24.73004467668604
2025-12-04,Sylhet,0.0,19.04,79.26,91.70274973904529,24.73004467668604
2025-12-05,Sylhet,0.0,18.72,77.32,91.70274973904529,24.73004467668604
2025-12-06,Sylhet,0.0,18.61,69.52,91.70274973904529,24.73004467668604
2025-12-07,Sylhet,0.0,16.93,68.81,91.70274973904529,24.73004467668604
2025-12-08,Sylhet,0.0,16.94,75.14,91.70274973904529,24.73004467668604
2025-12-09,Sylhet,0.0,18.35,73.35,91.70274973904529,24.73004467668604
2025-12-10,Sylhet,0.0,18.5,74.02,91.70274973904529,24.73004467668604
2025-12-11,Sylhet,0.0,18.62,71.35,91.70274973904529,24.73004467668604
2025-12-12,Sylhet,0.0,18.32,75.45,91.70274973904529,24.73004467668604
2025-12-13,Sylhet,0.0,18.68,76.48,91.70274973904529,24.73004467668604
2025-12-14,Sylhet,0.0,18.63,75.69,91.70274973904529,24.73004467668604
2025-12-15,Sylhet,0.0,19.32,74.44,91.70274973904529,24.73004467668604
2025-12-16,Sylhet,0.0,19.55,75.12,91.70274973904529,24.73004467668604
2025-12-17,Sylhet,0.0,18.48,79.68,91.70274973904529,24.73004467668604
2025-12-18,Sylhet,0.0,18.69,78.44,91.70274973904529,24.73004467668604
2025-12-19,Sylhet,0.0,18.54,78.46,91.70274973904529,24.73004467668604
2025-12-20,Sylhet,0.0,18.02,79.93,91.70274973904529,24.73004467668604
2025-12-21,Sylhet,0.0,18.05,78.23,91.70274973904529,24.73004467668604
2025-12-22,Sylhet,0.0,18.2,80.54,91.70274973904529,24.73004467668604
2025-12-23,Sylhet,0.0,18.09,83.49,91.70274973904529,24.73004467668604
2025-12-24,Sylhet,0.0,17.72,80.22,91.70274973904529,24.73004467668604
2025-12-25,Sylhet,0.0,16.57,81.01,91.70274973904529,24.73004467668604
2025-12-26,Sylhet,0.0,17.06,78.16,91.70274973904529,24.73004467668604
2025-12-27,Sylhet,0.0,16.65,80.15,91.70274973904529,24.73004467668604
2025-12-28,Sylhet,0.0,16.48,78.77,91.70274973904529,24.73004467668604
2025-12-29,Sylhet,0.0,15.44,79.59,91.70274973904529,24.73004467668604
2025-12-30,Sylhet,0.1,14.34,83.44,91.70274973904529,24.73004467668604
2025-12-31,Sylhet,0.0,14.71,82.25,91.70274973904529,24.73004467668604
2026-01-01,Sylhet,0.0,15.67,83.26,91.70274973904529,24.73004467668604
2026-01-02,Sylhet,0.0,15.92,80.3,91.70274973904529,24.73004467668604
2026-01-03,Sylhet,0.0,15.7,75.52,91.70274973904529,24.73004467668604
2026-01-04,Sylhet,0.0,14.9,77.7,91.70274973904529,24.73004467668604
2026-01-05,Sylhet,0.0,14.27,78.56,91.70274973904529,24.73004467668604
2026-01-06,Sylhet,0.0,14.36,74.31,91.70274973904529,24.73004467668604
2026-01-07,Sylhet,0.0,15.2,67.02,91.70274973904529,24.73004467668604
2026-01-08,Sylhet,0.0,14.99,69.94,91.70274973904529,24.73004467668604
2026-01-09,Sylhet,0.0,17.04,74.94,91.70274973904529,24.73004467668604
2026-01-10,Sylhet,0.0,17.57,76.73,91.70274973904529,24.73004467668604
2026-01-11,Sylhet,0.0,18.0,79.16,91.70274973904529,24.73004467668604
2026-01-12,Sylhet,0.0,18.45,76.76,91.70274973904529,24.73004467668604
2026-01-13,Sylhet,0.0,18.2,75.88,91.70274973904529,24.73004467668604
2026-01-14,Sylhet,0.0,19.21,72.92,91.70274973904529,24.73004467668604
2026-01-15,Sylhet,0.0,19.89,71.9,91.70274973904529,24.73004467668604
2026-01-16,Sylhet,0.0,19.23,72.67,91.70274973904529,24.73004467668604
2026-01-17,Sylhet,0.0,18.76,73.41,91.70274973904529,24.73004467668604
2026-01-18,Sylhet,0.0,19.03,70.83,91.70274973904529,24.73004467668604
2026-01-19,Sylhet,0.0,18.88,70.97,91.70274973904529,24.73004467668604
2026-01-20,Sylhet,0.0,18.61,72.21,91.70274973904529,24.73004467668604
2026-01-21,Sylhet,0.0,18.51,71.04,91.70274973904529,24.73004467668604
2026-01-22,Sylhet,0.0,17.96,73.31,91.70274973904529,24.73004467668604
2026-01-23,Sylhet,0.0,18.51,69.17,91.70274973904529,24.73004467668604
2026-01-24,Sylhet,0.0,18.79,64.33,91.70274973904529,24.73004467668604
2026-01-25,Sylhet,0.0,18.4,62.77,91.70274973904529,24.73004467668604
2026-01-26,Sylhet,0.0,18.33,66.77,91.70274973904529,24.73004467668604
2026-01-27,Sylhet,0.0,18.04,69.1,91.70274973904529,24.73004467668604
2026-01-28,Sylhet,0.0,18.85,63.56,91.70274973904529,24.73004467668604
2026-01-29,Sylhet,0.0,19.96,61.18,91.70274973904529,24.73004467668604
2026-01-30,Sylhet,0.0,19.6,63.09,91.70274973904529,24.73004467668604
2026-01-31,Sylhet,0.0,18.66,69.56,91.70274973904529,24.73004467668604
2026-02-01,Sylhet,0.0,18.45,70.13,91.70274973904529,24.73004467668604
2026-02-02,Sylhet,0.0,18.85,66.04,91.70274973904529,24.73004467668604
2026-02-03,Sylhet,0.0,19.37,57.45,91.70274973904529,24.73004467668604
2026-02-04,Sylhet,0.0,20.29,54.13,91.70274973904529,24.73004467668604
2026-02-05,Sylhet,0.0,19.6,56.26,91.70274973904529,24.73004467668604
2026-02-06,Sylhet,0.0,18.38,53.15,91.70274973904529,24.73004467668604
2026-02-07,Sylhet,0.0,18.13,55.57,91.70274973904529,24.73004467668604
2026-02-08,Sylhet,0.0,18.65,59.08,91.70274973904529,24.73004467668604
2026-02-09,Sylhet,0.0,19.03,56.26,91.70274973904529,24.73004467668604
2026-02-10,Sylhet,0.0,19.68,48.66,91.70274973904529,24.73004467668604
2026-02-11,Sylhet,0.0,20.1,53.96,91.70274973904529,24.73004467668604
2026-02-12,Sylhet,0.0,20.05,57.87,91.70274973904529,24.73004467668604
2026-02-13,Sylhet,0.0,20.77,52.47,91.70274973904529,24.73004467668604
2026-02-14,Sylhet,0.0,20.44,53.64,91.70274973904529,24.73004467668604
2026-02-15,Sylhet,0.0,20.76,51.07,91.70274973904529,24.73004467668604
2026-02-16,Sylhet,0.0,20.1,54.44,91.70274973904529,24.73004467668604
2026-02-17,Sylhet,0.0,20.94,57.77,91.70274973904529,24.73004467668604
2026-02-18,Sylhet,0.0,22.19,50.93,91.70274973904529,24.73004467668604
2026-02-19,Sylhet,0.0,23.2,46.22,91.70274973904529,24.73004467668604
2026-02-20,Sylhet,0.0,23.36,43.84,91.70274973904529,24.73004467668604
2026-02-21,Sylhet,0.0,23.24,48.06,91.70274973904529,24.73004467668604
2026-02-22,Sylhet,0.0,23.28,51.4,91.70274973904529,24.73004467668604
2026-02-23,Sylhet,0.0,23.62,52.09,91.70274973904529,24.73004467668604
2026-02-24,Sylhet,0.0,23.0,54.77,91.70274973904529,24.73004467668604
2026-02-25,Sylhet,0.01,23.04,54.61,91.70274973904529,24.73004467668604
2026-02-26,Sylhet,0.25,23.52,48.31,91.70274973904529,24.73004467668604
2026-02-27,Sylhet,0.0,23.01,44.76,91.70274973904529,24.73004467668604
2026-02-28,Sylhet,0.0,22.83,45.99,91.70274973904529,24.73004467668604
2026-03-01,Sylhet,0.0,23.28,50.56,91.70274973904529,24.73004467668604
2026-03-02,Sylhet,0.06,25.15,54.99,91.70274973904529,24.73004467668604
2026-03-03,Sylhet,0.04,24.62,52.65,91.70274973904529,24.73004467668604
2026-03-04,Sylhet,0.02,24.03,51.37,91.70274973904529,24.73004467668604
2026-03-05,Sylhet,0.0,25.1,51.29,91.70274973904529,24.73004467668604
2026-03-06,Sylhet,0.0,26.18,51.89,91.70274973904529,24.73004467668604
2026-03-07,Sylhet,0.0,25.76,58.8,91.70274973904529,24.73004467668604
2026-03-08,Sylhet,0.01,25.73,62.96,91.70274973904529,24.73004467668604
2026-03-09,Sylhet,0.66,25.13,61.46,91.70274973904529,24.73004467668604
2026-03-10,Sylhet,0.0,26.41,58.67,91.70274973904529,24.73004467668604
2026-03-11,Sylhet,0.07,26.99,57.08,91.70274973904529,24.73004467668604
2026-03-12,Sylhet,1.07,27.04,58.92,91.70274973904529,24.73004467668604
2026-03-13,Sylhet,25.35,25.04,75.76,91.70274973904529,24.73004467668604
2026-03-14,Sylhet,20.83,24.71,83.68,91.70274973904529,24.73004467668604
2026-03-15,Sylhet,17.03,25.31,76.89,91.70274973904529,24.73004467668604
2026-03-16,Sylhet,30.41,24.28,80.1,91.70274973904529,24.73004467668604
2026-03-17,Sylhet,35.34,23.06,85.96,91.70274973904529,24.73004467668604
2026-03-18,Sylhet,21.2,23.99,81.39,91.70274973904529,24.73004467668604
2026-03-19,Sylhet,6.1,23.7,81.4,91.70274973904529,24.73004467668604
2026-03-20,Sylhet,12.8,22.6,86.25,91.70274973904529,24.73004467668604
2026-03-21,Sylhet,2.12,22.11,80.64,91.70274973904529,24.73004467668604
2026-03-22,Sylhet,6.78,21.72,77.21,91.70274973904529,24.73004467668604
2026-03-23,Sylhet,0.05,21.57,74.32,91.70274973904529,24.73004467668604
2026-03-24,Sylhet,2.6,22.72,72.1,91.70274973904529,24.73004467668604
2026-03-25,Sylhet,18.39,23.57,78.22,91.70274973904529,24.73004467668604
2026-03-26,Sylhet,6.39,24.6,72.68,91.70274973904529,24.73004467668604
2026-03-27,Sylhet,0.22,24.53,68.95,91.70274973904529,24.73004467668604
2026-03-28,Sylhet,23.09,23.15,85.07,91.70274973904529,24.73004467668604
2026-03-29,Sylhet,0.81,24.51,76.67,91.70274973904529,24.73004467668604
2026-03-30,Sylhet,6.22,25.72,77.86,91.70274973904529,24.73004467668604
2026-03-31,Sylhet,39.44,25.07,86.52,91.70274973904529,24.73004467668604
2026-04-01,Sylhet,2.45,25.53,81.12,91.70274973904529,24.73004467668604
2026-04-02,Sylhet,12.85,26.2,82.87,91.70274973904529,24.73004467668604
2026-04-03,Sylhet,11.21,26.45,82.71,91.70274973904529,24.73004467668604
2026-04-04,Sylhet,13.08,26.91,81.21,91.70274973904529,24.73004467668604
2026-04-05,Sylhet,8.33,25.3,83.33,91.70274973904529,24.73004467668604
2026-04-06,Sylhet,1.9,25.02,80.31,91.70274973904529,24.73004467668604
2026-04-07,Sylhet,7.71,24.08,81.33,91.70274973904529,24.73004467668604
2026-04-08,Sylhet,5.15,23.66,78.84,91.70274973904529,24.73004467668604
2026-04-09,Sylhet,8.37,23.16,82.81,91.70274973904529,24.73004467668604
2026-04-10,Sylhet,11.14,23.63,76.54,91.70274973904529,24.73004467668604
2026-04-11,Sylhet,0.0,24.33,67.33,91.70274973904529,24.73004467668604
2026-04-12,Sylhet,0.48,25.11,74.65,91.70274973904529,24.73004467668604
2026-04-13,Sylhet,3.93,26.08,79.06,91.70274973904529,24.73004467668604
2026-04-14,Sylhet,24.26,26.31,80.42,91.70274973904529,24.73004467668604
2026-04-15,Sylhet,31.89,26.94,81.26,91.70274973904529,24.73004467668604
2026-04-16,Sylhet,27.4,26.68,81.95,91.70274973904529,24.73004467668604
2026-04-17,Sylhet,4.33,26.75,81.12,91.70274973904529,24.73004467668604
2026-04-18,Sylhet,16.4,26.78,81.89,91.70274973904529,24.73004467668604
2026-04-19,Sylhet,26.51,27.1,84.56,91.70274973904529,24.73004467668604
2026-04-20,Sylhet,15.97,27.28,85.68,91.70274973904529,24.73004467668604
2026-04-21,Sylhet,27.76,27.09,86.37,91.70274973904529,24.73004467668604
2026-04-22,Sylhet,12.71,27.16,84.94,91.70274973904529,24.73004467668604
2026-04-23,Sylhet,3.06,27.25,81.06,91.70274973904529,24.73004467668604
2026-04-24,Sylhet,6.55,27.24,83.51,91.70274973904529,24.73004467668604
2026-04-25,Sylhet,0.01,27.67,84.64,91.70274973904529,24.73004467668604
2026-04-26,Sylhet,23.69,26.79,82.21,91.70274973904529,24.73004467668604
2026-04-27,Sylhet,76.79,25.86,86.37,91.70274973904529,24.73004467668604
2026-04-28,Sylhet,84.05,26.05,90.66,91.70274973904529,24.73004467668604
2026-04-29,Sylhet,51.9,25.04,92.11,91.70274973904529,24.73004467668604
2026-04-30,Sylhet,9.51,24.19,88.82,91.70274973904529,24.73004467668604
2026-05-01,Sylhet,20.51,23.84,90.67,91.70274973904529,24.73004467668604
2026-05-02,Sylhet,21.83,25.07,88.05,91.70274973904529,24.73004467668604
2026-05-03,Sylhet,48.97,25.93,88.61,91.70274973904529,24.73004467668604
2026-05-04,Sylhet,27.9,26.1,86.0,91.70274973904529,24.73004467668604
2026-05-05,Sylhet,1.32,26.26,83.06,91.70274973904529,24.73004467668604
2026-05-06,Sylhet,3.15,26.97,82.4,91.70274973904529,24.73004467668604
2026-05-07,Sylhet,37.83,27.03,78.15,91.70274973904529,24.73004467668604
2026-05-08,Sylhet,0.87,26.54,78.03,91.70274973904529,24.73004467668604
2026-05-09,Sylhet,0.0,26.68,75.93,91.70274973904529,24.73004467668604
2026-05-10,Sylhet,1.78,26.33,81.35,91.70274973904529,24.73004467668604
2026-05-11,Sylhet,16.53,25.68,83.34,91.70274973904529,24.73004467668604
2026-05-12,Sylhet,1.94,26.34,78.99,91.70274973904529,24.73004467668604
2026-05-13,Sylhet,17.58,26.49,84.41,91.70274973904529,24.73004467668604
2026-05-14,Sylhet,25.21,27.08,88.09,91.70274973904529,24.73004467668604
2026-05-15,Sylhet,12.18,27.85,88.03,91.70274973904529,24.73004467668604
2026-05-16,Sylhet,22.33,27.69,89.31,91.70274973904529,24.73004467668604
2026-05-17,Sylhet,24.52,28.21,86.29,91.70274973904529,24.73004467668604
2026-05-18,Sylhet,28.48,28.4,85.43,91.70274973904529,24.73004467668604
2026-05-19,Sylhet,24.69,28.44,85.68,91.70274973904529,24.73004467668604
2026-05-20,Sylhet,1.85,28.64,84.48,91.70274973904529,24.73004467668604
2026-05-21,Sylhet,10.88,29.47,84.25,91.70274973904529,24.73004467668604
2026-05-22,Sylhet,28.78,29.29,86.74,91.70274973904529,24.73004467668604
2026-05-23,Sylhet,13.84,28.75,90.2,91.70274973904529,24.73004467668604
2026-05-24,Sylhet,35.86,28.38,91.01,91.70274973904529,24.73004467668604
2026-05-25,Sylhet,39.79,27.97,91.38,91.70274973904529,24.73004467668604
2026-05-26,Sylhet,88.99,27.89,88.21,91.70274973904529,24.73004467668604
2026-05-27,Sylhet,22.15,28.0,82.14,91.70274973904529,24.73004467668604
2026-05-28,Sylhet,19.37,27.3,83.82,91.70274973904529,24.73004467668604
2026-05-29,Sylhet,3.42,28.15,80.67,91.70274973904529,24.73004467668604
2026-05-30,Sylhet,0.08,28.82,80.14,91.70274973904529,24.73004467668604
2026-05-31,Sylhet,1.24,29.57,77.68,91.70274973904529,24.73004467668604
2026-06-01,Sylhet,1.99,29.24,83.75,91.70274973904529,24.73004467668604
2026-06-02,Sylhet,7.28,28.69,87.6,91.70274973904529,24.73004467668604
2026-06-03,Sylhet,12.34,28.55,88.45,91.70274973904529,24.73004467668604
2026-06-04,Sylhet,5.9,28.65,88.75,91.70274973904529,24.73004467668604
2026-06-05,Sylhet,19.89,28.69,88.28,91.70274973904529,24.73004467668604
2026-06-06,Sylhet,5.32,28.71,87.25,91.70274973904529,24.73004467668604
2026-06-07,Sylhet,28.13,28.43,89.23,91.70274973904529,24.73004467668604
2026-06-08,Sylhet,31.55,27.28,93.07,91.70274973904529,24.73004467668604
2026-06-09,Sylhet,21.2,27.92,89.54,91.70274973904529,24.73004467668604
2026-06-10,Sylhet,30.48,27.45,89.93,91.70274973904529,24.73004467668604
2026-06-11,Sylhet,5.48,28.08,86.73,91.70274973904529,24.73004467668604
2026-06-12,Sylhet,12.93,28.35,86.51,91.70274973904529,24.73004467668604
2026-06-13,Sylhet,34.94,27.26,90.88,91.70274973904529,24.73004467668604
2026-06-14,Sylhet,36.15,28.05,90.3,91.70274973904529,24.73004467668604
2026-06-15,Sylhet,22.04,28.43,88.17,91.70274973904529,24.73004467668604
2026-06-16,Sylhet,16.69,28.46,87.2,91.70274973904529,24.73004467668604
2026-06-17,Sylhet,24.03,28.15,88.98,91.70274973904529,24.73004467668604
2026-06-18,Sylhet,30.31,28.34,89.2,91.70274973904529,24.73004467668604
2026-06-19,Sylhet,40.7,27.62,91.0,91.70274973904529,24.73004467668604
2026-06-20,Sylhet,28.96,28.2,89.41,91.70274973904529,24.73004467668604
2026-06-21,Sylhet,42.62,27.65,91.97,91.70274973904529,24.73004467668604
2026-06-22,Sylhet,50.17,27.78,90.4,91.70274973904529,24.73004467668604
2026-06-23,Sylhet,12.69,28.11,88.91,91.70274973904529,24.73004467668604
2026-06-24,Sylhet,19.74,28.31,88.02,91.70274973904529,24.73004467668604
2026-06-25,Sylhet,19.2,28.13,88.83,91.70274973904529,24.73004467668604
2026-06-26,Sylhet,13.18,28.51,87.47,91.70274973904529,24.73004467668604
2026-06-27,Sylhet,8.53,28.87,87.61,91.70274973904529,24.73004467668604
2026-06-28,Sylhet,4.41,28.76,88.72,91.70274973904529,24.73004467668604
2026-06-29,Sylhet,24.48,28.57,90.9,91.70274973904529,24.73004467668604
2026-06-30,Sylhet,7.53,28.85,88.18,91.70274973904529,24.73004467668604
2026-07-01,Sylhet,16.16,28.93,86.99,91.70274973904529,24.73004467668604
2026-07-02,Sylhet,15.72,28.94,85.92,91.70274973904529,24.73004467668604
2026-07-03,Sylhet,6.48,28.83,86.69,91.70274973904529,24.73004467668604
2026-07-04,Sylhet,16.06,29.51,86.59,91.70274973904529,24.73004467668604
2026-07-05,Sylhet,16.94,28.41,90.29,91.70274973904529,24.73004467668604
2026-07-06,Sylhet,11.22,28.45,89.79,91.70274973904529,24.73004467668604
2026-07-07,Sylhet,49.1,28.57,89.72,91.70274973904529,24.73004467668604
2026-07-08,Sylhet,125.26,28.47,90.92,91.70274973904529,24.73004467668604
2026-07-09,Sylhet,49.55,28.46,90.09,91.70274973904529,24.73004467668604
2026-07-10,Sylhet,57.99,28.55,90.97,91.70274973904529,24.73004467668604
2026-07-11,Sylhet,36.05,28.14,91.97,91.70274973904529,24.73004467668604
2026-07-12,Sylhet,40.48,28.48,92.11,91.70274973904529,24.73004467668604
2026-07-13,Sylhet,20.56,27.44,92.78,91.70274973904529,24.73004467668604
2026-07-14,Sylhet,15.84,29.44,84.47,91.70274973904529,24.73004467668604
2026-07-15,Sylhet,19.64,29.38,87.39,91.70274973904529,24.73004467668604
2026-07-16,Sylhet,32.78,28.6,88.12,91.70274973904529,24.73004467668604
2026-07-17,Sylhet,35.23,27.53,91.41,91.70274973904529,24.73004467668604
2026-07-18,Sylhet,30.52,28.12,89.82,91.70274973904529,24.73004467668604
2026-07-19,Sylhet,28.9,27.48,92.53,91.70274973904529,24.73004467668604
2026-07-20,Sylhet,32.26,27.39,89.8,91.70274973904529,24.73004467668604
2026-07-21,Sylhet,9.8,28.39,85.62,91.70274973904529,24.73004467668604
2026-07-22,Sylhet,25.23,27.6,91.28,91.70274973904529,24.73004467668604
2026-07-23,Sylhet,19.94,27.35,91.48,91.70274973904529,24.73004467668604
2026-07-24,Sylhet,5.4,28.25,87.7,91.70274973904529,24.73004467668604
2026-07-25,Sylhet,4.13,28.41,87.47,91.70274973904529,24.73004467668604
2026-07-26,Sylhet,12.5,29.17,83.4,91.70274973904529,24.73004467668604
2026-07-27,Sylhet,4.44,29.24,85.75,91.70274973904529,24.73004467668604
2026-07-28,Sylhet,6.63,28.73,87.35,91.70274973904529,24.73004467668604
2026-07-29,Sylhet,11.94,27.08,89.16,91.70274973904529,24.73004467668604
2026-07-30,Sylhet,22.41,28.44,87.86,91.70274973904529,24.73004467668604
2026-07-31,Sylhet,24.26,28.53,87.6,91.70274973904529,24.73004467668604
2026-08-01,Sylhet,11.22,28.1,90.15,91.70274973904529,24.73004467668604
2026-08-02,Sylhet,14.55,28.21,89.85,91.70274973904529,24.73004467668604
2026-08-03,Sylhet,9.77,28.87,87.68,91.70274973904529,24.73004467668604
2026-08-04,Sylhet,19.51,27.81,92.11,91.70274973904529,24.73004467668604
2026-08-05,Sylhet,79.38,26.49,96.49,91.70274973904529,24.73004467668604
2026-08-06,Sylhet,12.72,28.07,89.12,91.70274973904529,24.73004467668604
2026-08-07,Sylhet,6.34,28.49,87.02,91.70274973904529,24.73004467668604
2026-08-08,Sylhet,5.43,28.81,86.23,91.70274973904529,24.73004467668604
2026-08-09,Sylhet,5.37,29.06,86.09,91.70274973904529,24.73004467668604
2026-08-10,Sylhet,6.79,29.49,86.05,91.70274973904529,24.73004467668604
2026-08-11,Sylhet,5.32,29.8,87.2,91.70274973904529,24.73004467668604
2026-08-12,Sylhet,7.27,30.46,85.11,91.70274973904529,24.73004467668604
2026-08-13,Sylhet,8.49,29.3,85.7,91.70274973904529,24.73004467668604
2026-08-14,Sylhet,6.1,29.58,83.65,91.70274973904529,24.73004467668604
2026-08-15,Sylhet,9.22,29.43,84.68,91.70274973904529,24.73004467668604
2026-08-16,Sylhet,15.48,28.84,86.54,91.70274973904529,24.73004467668604
2026-08-17,Sylhet,9.05,28.1,88.41,91.70274973904529,24.73004467668604
2026-08-18,Sylhet,11.56,28.59,86.92,91.70274973904529,24.73004467668604
2026-08-19,Sylhet,3.0,28.46,86.82,91.70274973904529,24.73004467668604
2026-08-20,Sylhet,5.04,28.62,87.99,91.70274973904529,24.73004467668604
2026-08-21,Sylhet,4.38,29.63,86.09,91.70274973904529,24.73004467668604
2026-08-22,Sylhet,9.48,30.32,86.46,91.70274973904529,24.73004467668604
2026-08-23,Sylhet,34.34,29.2,87.01,91.70274973904529,24.73004467668604
2026-08-24,Sylhet,11.89,28.41,88.51,91.70274973904529,24.73004467668604
2026-08-25,Sylhet,6.67,27.98,89.19,91.70274973904529,24.73004467668604
2026-08-26,Sylhet,5.72,29.48,83.98,91.70274973904529,24.73004467668604
2026-08-27,Sylhet,4.42,29.48,84.78,91.70274973904529,24.73004467668604
2026-08-28,Sylhet,4.3,29.08,88.55,91.70274973904529,24.73004467668604
2026-08-29,Sylhet,7.59,29.97,86.23,91.70274973904529,24.73004467668604
2026-08-30,Sylhet,13.21,29.92,87.14,91.70274973904529,24.73004467668604
2026-08-31,Sylhet,9.58,28.42,90.78,91.70274973904529,24.73004467668604
2026-09-01,Sylhet,23.13,27.18,94.35,91.70274973904529,24.73004467668604
2026-09-02,Sylhet,5.22,26.3,93.35,91.70274973904529,24.73004467668604
2026-09-03,Sylhet,7.99,26.61,91.58,91.70274973904529,24.73004467668604
2026-09-04,Sylhet,9.8,27.83,87.89,91.70274973904529,24.73004467668604
2026-09-05,Sylhet,11.92,28.05,88.19,91.70274973904529,24.73004467668604
2026-09-06,Sylhet,9.57,28.07,89.68,91.70274973904529,24.73004467668604
2026-09-07,Sylhet,5.06,29.03,86.24,91.70274973904529,24.73004467668604
2026-09-08,Sylhet,4.37,29.34,86.45,91.70274973904529,24.73004467668604
2026-09-09,Sylhet,5.49,29.19,87.48,91.70274973904529,24.73004467668604
2026-09-10,Sylhet,4.89,30.0,84.1,91.70274973904529,24.73004467668604
2026-09-11,Sylhet,7.22,29.4,87.15,91.70274973904529,24.73004467668604
2026-09-12,Sylhet,4.3,29.06,85.65,91.70274973904529,24.73004467668604
2026-09-13,Sylhet,4.98,29.3,84.21,91.70274973904529,24.73004467668604
2026-09-14,Sylhet,2.4,29.91,79.12,91.70274973904529,24.73004467668604
2026-09-15,Sylhet,1.55,30.05,78.88,91.70274973904529,24.73004467668604
2026-09-16,Sylhet,2.7,29.38,82.38,91.70274973904529,24.73004467668604
2026-09-17,Sylhet,4.31,28.7,83.64,91.70274973904529,24.73004467668604
2026-09-18,Sylhet,,,,91.70274973904529,24.73004467668604
2026-09-19,Sylhet,,,,91.70274973904529,24.73004467668604
2026-09-20,Sylhet,,,,91.70274973904529,24.73004467668604
2025-10-06,Khulna,25.71,26.85,87.98,89.23601257249123,23.18372817232567
2025-10-07,Khulna,5.61,27.06,86.46,89.23601257249123,23.18372817232567
2025-10-08,Khulna,12.19,26.88,88.86,89.23601257249123,23.18372817232567
2025-10-09,Khulna,9.9,27.33,85.42,89.23601257249123,23.18372817232567
2025-10-10,Khulna,10.36,26.96,86.21,89.23601257249123,23.18372817232567
2025-10-11,Khulna,20.86,26.23,90.96,89.23601257249123,23.18372817232567
2025-10-12,Khulna,4.68,26.18,87.06,89.23601257249123,23.18372817232567
2025-10-13,Khulna,0.07,25.6,87.67,89.23601257249123,23.18372817232567
2025-10-14,Khulna,0.0,25.28,86.69,89.23601257249123,23.18372817232567
2025-10-15,Khulna,0.0,24.56,84.58,89.23601257249123,23.18372817232567
2025-10-16,Khulna,0.0,24.62,83.75,89.23601257249123,23.18372817232567
2025-10-17,Khulna,0.0,25.29,82.0,89.23601257249123,23.18372817232567
2025-10-18,Khulna,0.01,26.56,82.88,89.23601257249123,23.18372817232567
2025-10-19,Khulna,0.0,26.7,85.03,89.23601257249123,23.18372817232567
2025-10-20,Khulna,0.0,26.28,86.71,89.23601257249123,23.18372817232567
2025-10-21,Khulna,0.02,25.78,84.65,89.23601257249123,23.18372817232567
2025-10-22,Khulna,0.02,25.77,81.6,89.23601257249123,23.18372817232567
2025-10-23,Khulna,0.03,25.82,79.37,89.23601257249123,23.18372817232567
2025-10-24,Khulna,0.46,26.5,77.14,89.23601257249123,23.18372817232567
2025-10-25,Khulna,0.22,26.75,76.56,89.23601257249123,23.18372817232567
2025-10-26,Khulna,0.0,26.59,79.21,89.23601257249123,23.18372817232567
2025-10-27,Khulna,0.21,26.69,81.1,89.23601257249123,23.18372817232567
2025-10-28,Khulna,0.12,27.88,79.17,89.23601257249123,23.18372817232567
2025-10-29,Khulna,4.42,27.44,85.26,89.23601257249123,23.18372817232567
2025-10-30,Khulna,22.09,27.01,89.41,89.23601257249123,23.18372817232567
2025-10-31,Khulna,2.59,27.23,88.21,89.23601257249123,23.18372817232567
2025-11-01,Khulna,14.83,26.87,90.93,89.23601257249123,23.18372817232567
2025-11-02,Khulna,13.99,25.69,89.95,89.23601257249123,23.18372817232567
2025-11-03,Khulna,3.03,24.42,85.64,89.23601257249123,23.18372817232567
2025-11-04,Khulna,0.0,23.49,84.23,89.23601257249123,23.18372817232567
2025-11-05,Khulna,0.01,23.5,84.24,89.23601257249123,23.18372817232567
2025-11-06,Khulna,0.0,24.35,78.3,89.23601257249123,23.18372817232567
2025-11-07,Khulna,0.0,24.23,84.18,89.23601257249123,23.18372817232567
2025-11-08,Khulna,0.0,22.02,82.3,89.23601257249123,23.18372817232567
2025-11-09,Khulna,0.0,20.59,82.86,89.23601257249123,23.18372817232567
2025-11-10,Khulna,0.0,20.93,84.05,89.23601257249123,23.18372817232567
2025-11-11,Khulna,0.0,19.56,80.39,89.23601257249123,23.18372817232567
2025-11-12,Khulna,0.0,18.98,74.97,89.23601257249123,23.18372817232567
2025-11-13,Khulna,0.0,19.25,75.95,89.23601257249123,23.18372817232567
2025-11-14,Khulna,0.0,19.74,78.85,89.23601257249123,23.18372817232567
2025-11-15,Khulna,0.0,20.02,82.91,89.23601257249123,23.18372817232567
2025-11-16,Khulna,0.0,20.01,82.64,89.23601257249123,23.18372817232567
2025-11-17,Khulna,0.0,20.45,79.41,89.23601257249123,23.18372817232567
2025-11-18,Khulna,0.0,21.21,74.8,89.23601257249123,23.18372817232567
2025-11-19,Khulna,0.0,21.31,70.55,89.23601257249123,23.18372817232567
2025-11-20,Khulna,0.0,20.98,75.04,89.23601257249123,23.18372817232567
2025-11-21,Khulna,0.0,20.46,76.57,89.23601257249123,23.18372817232567
2025-11-22,Khulna,0.0,20.34,77.86,89.23601257249123,23.18372817232567
2025-11-23,Khulna,0.0,20.06,77.04,89.23601257249123,23.18372817232567
2025-11-24,Khulna,0.0,18.72,82.75,89.23601257249123,23.18372817232567
2025-11-25,Khulna,0.0,18.64,84.76,89.23601257249123,23.18372817232567
2025-11-26,Khulna,0.0,18.76,82.76,89.23601257249123,23.18372817232567
2025-11-27,Khulna,0.0,19.51,78.87,89.23601257249123,23.18372817232567
2025-11-28,Khulna,0.0,19.82,77.26,89.23601257249123,23.18372817232567
2025-11-29,Khulna,0.0,19.47,76.32,89.23601257249123,23.18372817232567
2025-11-30,Khulna,0.0,19.74,79.99,89.23601257249123,23.18372817232567
2025-12-01,Khulna,0.0,18.9,85.05,89.23601257249123,23.18372817232567
2025-12-02,Khulna,0.0,19.14,79.05,89.23601257249123,23.18372817232567
2025-12-03,Khulna,0.0,17.82,77.7,89.23601257249123,23.18372817232567
2025-12-04,Khulna,0.0,17.34,82.9,89.23601257249123,23.18372817232567
2025-12-05,Khulna,0.0,17.3,82.87,89.23601257249123,23.18372817232567
2025-12-06,Khulna,0.0,16.09,75.01,89.23601257249123,23.18372817232567
2025-12-07,Khulna,0.0,16.2,79.23,89.23601257249123,23.18372817232567
2025-12-08,Khulna,0.0,16.88,78.25,89.23601257249123,23.18372817232567
2025-12-09,Khulna,0.0,18.16,79.93,89.23601257249123,23.18372817232567
2025-12-10,Khulna,0.0,18.27,82.8,89.23601257249123,23.18372817232567
2025-12-11,Khulna,0.0,16.87,79.76,89.23601257249123,23.18372817232567
2025-12-12,Khulna,0.0,17.29,76.34,89.23601257249123,23.18372817232567
2025-12-13,Khulna,0.0,17.96,74.38,89.23601257249123,23.18372817232567
2025-12-14,Khulna,0.0,18.11,77.08,89.23601257249123,23.18372817232567
2025-12-15,Khulna,0.0,17.65,79.14,89.23601257249123,23.18372817232567
2025-12-16,Khulna,0.0,17.61,79.96,89.23601257249123,23.18372817232567
2025-12-17,Khulna,0.0,17.33,80.51,89.23601257249123,23.18372817232567
2025-12-18,Khulna,0.0,18.21,79.81,89.23601257249123,23.18372817232567
2025-12-19,Khulna,0.0,18.2,81.94,89.23601257249123,23.18372817232567
2025-12-20,Khulna,0.0,17.61,82.04,89.23601257249123,23.18372817232567
2025-12-21,Khulna,0.0,17.0,83.62,89.23601257249123,23.18372817232567
2025-12-22,Khulna,0.0,16.9,82.77,89.23601257249123,23.18372817232567
2025-12-23,Khulna,0.0,16.57,81.14,89.23601257249123,23.18372817232567
2025-12-24,Khulna,0.0,15.89,80.45,89.23601257249123,23.18372817232567
2025-12-25,Khulna,0.0,14.86,78.8,89.23601257249123,23.18372817232567
2025-12-26,Khulna,0.0,14.88,79.23,89.23601257249123,23.18372817232567
2025-12-27,Khulna,0.0,15.02,83.51,89.23601257249123,23.18372817232567
2025-12-28,Khulna,0.0,15.02,81.95,89.23601257249123,23.18372817232567
2025-12-29,Khulna,0.0,13.99,82.23,89.23601257249123,23.18372817232567
2025-12-30,Khulna,0.05,13.4,81.58,89.23601257249123,23.18372817232567
2025-12-31,Khulna,0.1,13.68,78.92,89.23601257249123,23.18372817232567
2026-01-01,Khulna,0.0,15.03,75.03,89.23601257249123,23.18372817232567
2026-01-02,Khulna,0.0,15.84,73.77,89.23601257249123,23.18372817232567
2026-01-03,Khulna,0.0,16.32,75.01,89.23601257249123,23.18372817232567
2026-01-04,Khulna,0.0,15.77,75.8,89.23601257249123,23.18372817232567
2026-01-05,Khulna,0.0,13.8,79.77,89.23601257249123,23.18372817232567
2026-01-06,Khulna,0.0,13.26,79.56,89.23601257249123,23.18372817232567
2026-01-07,Khulna,0.0,14.17,75.95,89.23601257249123,23.18372817232567
2026-01-08,Khulna,0.0,14.29,73.04,89.23601257249123,23.18372817232567
2026-01-09,Khulna,0.0,14.31,71.03,89.23601257249123,23.18372817232567
2026-01-10,Khulna,0.0,14.52,73.5,89.23601257249123,23.18372817232567
2026-01-11,Khulna,0.0,15.55,73.17,89.23601257249123,23.18372817232567
2026-01-12,Khulna,0.0,15.33,72.11,89.23601257249123,23.18372817232567
2026-01-13,Khulna,0.0,15.79,71.83,89.23601257249123,23.18372817232567
2026-01-14,Khulna,57.02,15.45,73.78,89.23601257249123,23.18372817232567
2026-01-15,Khulna,0.0,15.34,72.02,89.23601257249123,23.18372817232567
2026-01-16,Khulna,0.0,15.15,68.98,89.23601257249123,23.18372817232567
2026-01-17,Khulna,0.0,16.1,71.57,89.23601257249123,23.18372817232567
2026-01-18,Khulna,0.0,16.98,69.67,89.23601257249123,23.18372817232567
2026-01-19,Khulna,0.0,17.65,67.77,89.23601257249123,23.18372817232567
2026-01-20,Khulna,0.0,19.27,60.57,89.23601257249123,23.18372817232567
2026-01-21,Khulna,0.0,19.35,60.11,89.23601257249123,23.18372817232567
2026-01-22,Khulna,0.0,17.86,64.98,89.23601257249123,23.18372817232567
2026-01-23,Khulna,0.0,17.84,58.37,89.23601257249123,23.18372817232567
2026-01-24,Khulna,0.0,17.89,60.77,89.23601257249123,23.18372817232567
2026-01-25,Khulna,0.0,18.97,60.02,89.23601257249123,23.18372817232567
2026-01-26,Khulna,0.0,19.3,62.18,89.23601257249123,23.18372817232567
2026-01-27,Khulna,0.0,18.57,65.74,89.23601257249123,23.18372817232567
2026-01-28,Khulna,0.0,18.9,63.45,89.23601257249123,23.18372817232567
2026-01-29,Khulna,0.0,20.65,62.47,89.23601257249123,23.18372817232567
2026-01-30,Khulna,0.0,19.76,68.82,89.23601257249123,23.18372817232567
2026-01-31,Khulna,0.0,18.68,64.39,89.23601257249123,23.18372817232567
2026-02-01,Khulna,0.0,18.47,62.14,89.23601257249123,23.18372817232567
2026-02-02,Khulna,0.0,18.6,62.19,89.23601257249123,23.18372817232567
2026-02-03,Khulna,0.0,19.49,64.07,89.23601257249123,23.18372817232567
2026-02-04,Khulna,0.0,20.29,62.6,89.23601257249123,23.18372817232567
2026-02-05,Khulna,0.0,20.47,55.73,89.23601257249123,23.18372817232567
2026-02-06,Khulna,0.0,18.27,53.91,89.23601257249123,23.18372817232567
2026-02-07,Khulna,0.0,18.25,51.52,89.23601257249123,23.18372817232567
2026-02-08,Khulna,0.0,19.13,52.51,89.23601257249123,23.18372817232567
2026-02-09,Khulna,0.0,19.6,48.32,89.23601257249123,23.18372817232567
2026-02-10,Khulna,0.0,19.79,47.52,89.23601257249123,23.18372817232567
2026-02-11,Khulna,0.0,20.09,47.71,89.23601257249123,23.18372817232567
2026-02-12,Khulna,0.0,20.55,46.94,89.23601257249123,23.18372817232567
2026-02-13,Khulna,0.0,20.88,46.14,89.23601257249123,23.18372817232567
2026-02-14,Khulna,0.0,20.78,48.72,89.23601257249123,23.18372817232567
2026-02-15,Khulna,0.0,21.15,45.09,89.23601257249123,23.18372817232567
2026-02-16,Khulna,0.0,21.03,44.1,89.23601257249123,23.18372817232567
2026-02-17,Khulna,0.0,21.38,49.64,89.23601257249123,23.18372817232567
2026-02-18,Khulna,0.0,22.44,48.93,89.23601257249123,23.18372817232567
2026-02-19,Khulna,0.0,23.2,43.23,89.23601257249123,23.18372817232567
2026-02-20,Khulna,0.0,24.22,42.72,89.23601257249123,23.18372817232567
2026-02-21,Khulna,0.0,24.31,43.22,89.23601257249123,23.18372817232567
2026-02-22,Khulna,0.0,24.44,46.51,89.23601257249123,23.18372817232567
2026-02-23,Khulna,0.12,24.98,52.49,89.23601257249123,23.18372817232567
2026-02-24,Khulna,3.68,24.82,56.26,89.23601257249123,23.18372817232567
2026-02-25,Khulna,0.63,23.78,53.83,89.23601257249123,23.18372817232567
2026-02-26,Khulna,0.0,23.39,42.74,89.23601257249123,23.18372817232567
2026-02-27,Khulna,0.0,23.07,41.28,89.23601257249123,23.18372817232567
2026-02-28,Khulna,0.0,24.3,37.9,89.23601257249123,23.18372817232567
2026-03-01,Khulna,0.0,25.73,56.02,89.23601257249123,23.18372817232567
2026-03-02,Khulna,0.02,26.44,59.44,89.23601257249123,23.18372817232567
2026-03-03,Khulna,0.02,25.44,42.39,89.23601257249123,23.18372817232567
2026-03-04,Khulna,0.04,24.69,39.81,89.23601257249123,23.18372817232567
2026-03-05,Khulna,0.0,25.55,41.76,89.23601257249123,23.18372817232567
2026-03-06,Khulna,0.0,26.45,46.98,89.23601257249123,23.18372817232567
2026-03-07,Khulna,0.0,25.92,65.12,89.23601257249123,23.18372817232567
2026-03-08,Khulna,0.01,27.01,63.76,89.23601257249123,23.18372817232567
2026-03-09,Khulna,0.05,27.11,66.25,89.23601257249123,23.18372817232567
2026-03-10,Khulna,0.06,27.77,60.86,89.23601257249123,23.18372817232567
2026-03-11,Khulna,0.04,28.14,57.02,89.23601257249123,23.18372817232567
2026-03-12,Khulna,0.04,28.32,59.49,89.23601257249123,23.18372817232567
2026-03-13,Khulna,0.14,28.99,62.63,89.23601257249123,23.18372817232567
2026-03-14,Khulna,0.34,28.85,64.16,89.23601257249123,23.18372817232567
2026-03-15,Khulna,0.34,28.33,64.34,89.23601257249123,23.18372817232567
2026-03-16,Khulna,2.59,27.68,65.69,89.23601257249123,23.18372817232567
2026-03-17,Khulna,3.34,26.77,69.15,89.23601257249123,23.18372817232567
2026-03-18,Khulna,5.18,27.77,67.35,89.23601257249123,23.18372817232567
2026-03-19,Khulna,5.38,24.49,79.15,89.23601257249123,23.18372817232567
2026-03-20,Khulna,9.29,25.9,65.5,89.23601257249123,23.18372817232567
2026-03-21,Khulna,12.94,23.74,74.02,89.23601257249123,23.18372817232567
2026-03-22,Khulna,2.01,23.23,68.33,89.23601257249123,23.18372817232567
2026-03-23,Khulna,0.19,25.18,58.59,89.23601257249123,23.18372817232567
2026-03-24,Khulna,0.0,26.26,62.97,89.23601257249123,23.18372817232567
2026-03-25,Khulna,0.45,27.79,64.97,89.23601257249123,23.18372817232567
2026-03-26,Khulna,0.57,28.72,58.77,89.23601257249123,23.18372817232567
2026-03-27,Khulna,1.32,28.84,60.52,89.23601257249123,23.18372817232567
2026-03-28,Khulna,7.01,27.73,67.43,89.23601257249123,23.18372817232567
2026-03-29,Khulna,2.68,27.79,68.04,89.23601257249123,23.18372817232567
2026-03-30,Khulna,6.89,28.45,72.39,89.23601257249123,23.18372817232567
2026-03-31,Khulna,4.39,28.68,70.21,89.23601257249123,23.18372817232567
2026-04-01,Khulna,0.44,29.52,63.6,89.23601257249123,23.18372817232567
2026-04-02,Khulna,0.98,30.43,61.32,89.23601257249123,23.18372817232567
2026-04-03,Khulna,0.88,31.07,61.66,89.23601257249123,23.18372817232567
2026-04-04,Khulna,0.0,31.31,61.61,89.23601257249123,23.18372817232567
2026-04-05,Khulna,0.09,27.97,65.43,89.23601257249123,23.18372817232567
2026-04-06,Khulna,0.83,29.2,57.58,89.23601257249123,23.18372817232567
2026-04-07,Khulna,10.74,27.18,70.73,89.23601257249123,23.18372817232567
2026-04-08,Khulna,13.06,27.08,71.95,89.23601257249123,23.18372817232567
2026-04-09,Khulna,46.23,25.66,81.68,89.23601257249123,23.18372817232567
2026-04-10,Khulna,8.06,26.31,67.97,89.23601257249123,23.18372817232567
2026-04-11,Khulna,0.02,27.08,65.99,89.23601257249123,23.18372817232567
2026-04-12,Khulna,0.0,27.74,63.71,89.23601257249123,23.18372817232567
2026-04-13,Khulna,0.0,29.36,70.18,89.23601257249123,23.18372817232567
2026-04-14,Khulna,0.24,29.67,71.83,89.23601257249123,23.18372817232567
2026-04-15,Khulna,0.57,30.08,69.04,89.23601257249123,23.18372817232567
2026-04-16,Khulna,3.17,29.53,73.98,89.23601257249123,23.18372817232567
2026-04-17,Khulna,1.32,29.73,70.02,89.23601257249123,23.18372817232567
2026-04-18,Khulna,0.25,30.05,69.82,89.23601257249123,23.18372817232567
2026-04-19,Khulna,0.35,30.73,69.01,89.23601257249123,23.18372817232567
2026-04-20,Khulna,0.54,30.83,69.56,89.23601257249123,23.18372817232567
2026-04-21,Khulna,0.0,31.3,67.44,89.23601257249123,23.18372817232567
2026-04-22,Khulna,0.0,31.6,65.93,89.23601257249123,23.18372817232567
2026-04-23,Khulna,0.0,31.53,63.04,89.23601257249123,23.18372817232567
2026-04-24,Khulna,0.0,31.63,64.73,89.23601257249123,23.18372817232567
2026-04-25,Khulna,0.0,30.62,65.99,89.23601257249123,23.18372817232567
2026-04-26,Khulna,0.06,30.36,66.41,89.23601257249123,23.18372817232567
2026-04-27,Khulna,3.95,29.77,72.98,89.23601257249123,23.18372817232567
2026-04-28,Khulna,16.84,29.14,80.37,89.23601257249123,23.18372817232567
2026-04-29,Khulna,26.25,27.29,85.76,89.23601257249123,23.18372817232567
2026-04-30,Khulna,28.51,26.44,84.72,89.23601257249123,23.18372817232567
2026-05-01,Khulna,15.32,25.98,83.18,89.23601257249123,23.18372817232567
2026-05-02,Khulna,7.44,27.79,77.96,89.23601257249123,23.18372817232567
2026-05-03,Khulna,8.47,27.67,82.46,89.23601257249123,23.18372817232567
2026-05-04,Khulna,4.14,27.84,80.68,89.23601257249123,23.18372817232567
2026-05-05,Khulna,6.38,26.89,83.04,89.23601257249123,23.18372817232567
2026-05-06,Khulna,3.1,28.03,76.27,89.23601257249123,23.18372817232567
2026-05-07,Khulna,12.07,27.99,76.99,89.23601257249123,23.18372817232567
2026-05-08,Khulna,4.19,28.02,75.01,89.23601257249123,23.18372817232567
2026-05-09,Khulna,8.21,28.02,75.37,89.23601257249123,23.18372817232567
2026-05-10,Khulna,5.56,27.66,76.36,89.23601257249123,23.18372817232567
2026-05-11,Khulna,4.12,27.05,79.3,89.23601257249123,23.18372817232567
2026-05-12,Khulna,0.4,27.94,77.88,89.23601257249123,23.18372817232567
2026-05-13,Khulna,4.75,28.31,79.17,89.23601257249123,23.18372817232567
2026-05-14,Khulna,18.98,28.87,81.74,89.23601257249123,23.18372817232567
2026-05-15,Khulna,9.2,29.38,81.77,89.23601257249123,23.18372817232567
2026-05-16,Khulna,1.19,29.62,80.12,89.23601257249123,23.18372817232567
2026-05-17,Khulna,1.67,30.3,76.51,89.23601257249123,23.18372817232567
2026-05-18,Khulna,1.72,31.1,74.73,89.23601257249123,23.18372817232567
2026-05-19,Khulna,17.21,30.45,78.25,89.23601257249123,23.18372817232567
2026-05-20,Khulna,11.24,30.53,79.76,89.23601257249123,23.18372817232567
2026-05-21,Khulna,0.57,31.38,78.22,89.23601257249123,23.18372817232567
2026-05-22,Khulna,1.34,30.94,79.3,89.23601257249123,23.18372817232567
2026-05-23,Khulna,0.89,30.92,77.29,89.23601257249123,23.18372817232567
2026-05-24,Khulna,1.88,30.12,81.22,89.23601257249123,23.18372817232567
2026-05-25,Khulna,10.05,29.56,84.67,89.23601257249123,23.18372817232567
2026-05-26,Khulna,20.78,29.66,81.74,89.23601257249123,23.18372817232567
2026-05-27,Khulna,22.66,28.76,84.61,89.23601257249123,23.18372817232567
2026-05-28,Khulna,17.34,27.81,87.94,89.23601257249123,23.18372817232567
2026-05-29,Khulna,7.23,29.4,77.28,89.23601257249123,23.18372817232567
2026-05-30,Khulna,12.76,28.59,81.07,89.23601257249123,23.18372817232567
2026-05-31,Khulna,1.76,29.36,78.44,89.23601257249123,23.18372817232567
2026-06-01,Khulna,0.0,29.45,80.92,89.23601257249123,23.18372817232567
2026-06-02,Khulna,0.49,29.22,83.45,89.23601257249123,23.18372817232567
2026-06-03,Khulna,0.39,30.09,78.11,89.23601257249123,23.18372817232567
2026-06-04,Khulna,2.55,30.05,80.97,89.23601257249123,23.18372817232567
2026-06-05,Khulna,13.46,29.5,87.75,89.23601257249123,23.18372817232567
2026-06-06,Khulna,17.24,29.0,88.78,89.23601257249123,23.18372817232567
2026-06-07,Khulna,27.04,28.82,88.55,89.23601257249123,23.18372817232567
2026-06-08,Khulna,9.19,29.14,85.93,89.23601257249123,23.18372817232567
2026-06-09,Khulna,24.21,29.4,87.95,89.23601257249123,23.18372817232567
2026-06-10,Khulna,54.04,28.67,89.89,89.23601257249123,23.18372817232567
2026-06-11,Khulna,41.13,27.8,90.93,89.23601257249123,23.18372817232567
2026-06-12,Khulna,22.27,28.51,82.46,89.23601257249123,23.18372817232567
2026-06-13,Khulna,7.36,28.98,85.8,89.23601257249123,23.18372817232567
2026-06-14,Khulna,8.14,27.87,90.82,89.23601257249123,23.18372817232567
2026-06-15,Khulna,9.51,28.41,86.4,89.23601257249123,23.18372817232567
2026-06-16,Khulna,5.72,29.13,85.22,89.23601257249123,23.18372817232567
2026-06-17,Khulna,3.56,29.22,85.46,89.23601257249123,23.18372817232567
2026-06-18,Khulna,10.69,29.05,88.19,89.23601257249123,23.18372817232567
2026-06-19,Khulna,36.76,27.74,91.7,89.23601257249123,23.18372817232567
2026-06-20,Khulna,4.31,28.58,87.93,89.23601257249123,23.18372817232567
2026-06-21,Khulna,11.14,27.95,93.38,89.23601257249123,23.18372817232567
2026-06-22,Khulna,19.68,27.69,92.01,89.23601257249123,23.18372817232567
2026-06-23,Khulna,6.02,28.01,90.42,89.23601257249123,23.18372817232567
2026-06-24,Khulna,1.69,28.38,89.99,89.23601257249123,23.18372817232567
2026-06-25,Khulna,8.5,28.37,88.71,89.23601257249123,23.18372817232567
2026-06-26,Khulna,10.7,28.49,86.56,89.23601257249123,23.18372817232567
2026-06-27,Khulna,3.31,28.63,87.0,89.23601257249123,23.18372817232567
2026-06-28,Khulna,0.82,29.33,86.38,89.23601257249123,23.18372817232567
2026-06-29,Khulna,8.31,28.94,92.03,89.23601257249123,23.18372817232567
2026-06-30,Khulna,11.19,28.86,85.72,89.23601257249123,23.18372817232567
2026-07-01,Khulna,17.45,28.48,87.64,89.23601257249123,23.18372817232567
2026-07-02,Khulna,6.71,28.96,89.27,89.23601257249123,23.18372817232567
2026-07-03,Khulna,1.17,28.54,90.75,89.23601257249123,23.18372817232567
2026-07-04,Khulna,5.93,28.36,91.5,89.23601257249123,23.18372817232567
2026-07-05,Khulna,10.72,27.89,93.03,89.23601257249123,23.18372817232567
2026-07-06,Khulna,15.2,28.42,90.51,89.23601257249123,23.18372817232567
2026-07-07,Khulna,25.11,28.08,93.63,89.23601257249123,23.18372817232567
2026-07-08,Khulna,30.97,28.32,92.22,89.23601257249123,23.18372817232567
2026-07-09,Khulna,54.11,28.3,91.27,89.23601257249123,23.18372817232567
2026-07-10,Khulna,79.47,27.92,93.37,89.23601257249123,23.18372817232567
2026-07-11,Khulna,42.75,28.5,91.53,89.23601257249123,23.18372817232567
2026-07-12,Khulna,34.04,28.86,90.25,89.23601257249123,23.18372817232567
2026-07-13,Khulna,36.03,28.63,91.24,89.23601257249123,23.18372817232567
2026-07-14,Khulna,17.77,29.1,89.01,89.23601257249123,23.18372817232567
2026-07-15,Khulna,3.14,28.08,92.23,89.23601257249123,23.18372817232567
2026-07-16,Khulna,7.33,27.62,92.62,89.23601257249123,23.18372817232567
2026-07-17,Khulna,6.27,28.27,91.75,89.23601257249123,23.18372817232567
2026-07-18,Khulna,5.68,28.66,89.91,89.23601257249123,23.18372817232567
2026-07-19,Khulna,11.49,28.55,90.44,89.23601257249123,23.18372817232567
2026-07-20,Khulna,20.36,27.52,93.72,89.23601257249123,23.18372817232567
2026-07-21,Khulna,31.35,27.29,94.12,89.23601257249123,23.18372817232567
2026-07-22,Khulna,14.62,27.18,93.57,89.23601257249123,23.18372817232567
2026-07-23,Khulna,27.95,27.16,91.37,89.23601257249123,23.18372817232567
2026-07-24,Khulna,39.45,27.64,90.27,89.23601257249123,23.18372817232567
2026-07-25,Khulna,7.14,27.89,90.87,89.23601257249123,23.18372817232567
2026-07-26,Khulna,4.0,27.74,90.37,89.23601257249123,23.18372817232567
2026-07-27,Khulna,6.23,28.07,90.03,89.23601257249123,23.18372817232567
2026-07-28,Khulna,7.28,27.86,90.28,89.23601257249123,23.18372817232567
2026-07-29,Khulna,11.15,27.94,90.56,89.23601257249123,23.18372817232567
2026-07-30,Khulna,26.24,27.88,92.25,89.23601257249123,23.18372817232567
2026-07-31,Khulna,12.48,28.21,89.69,89.23601257249123,23.18372817232567
2026-08-01,Khulna,7.61,28.35,89.07,89.23601257249123,23.18372817232567
2026-08-02,Khulna,9.01,28.35,90.97,89.23601257249123,23.18372817232567
2026-08-03,Khulna,28.42,28.99,89.24,89.23601257249123,23.18372817232567
2026-08-04,Khulna,25.89,28.48,90.15,89.23601257249123,23.18372817232567
2026-08-05,Khulna,17.63,28.65,90.84,89.23601257249123,23.18372817232567
2026-08-06,Khulna,138.02,27.23,95.75,89.23601257249123,23.18372817232567
2026-08-07,Khulna,9.21,27.59,91.21,89.23601257249123,23.18372817232567
2026-08-08,Khulna,12.27,27.84,92.14,89.23601257249123,23.18372817232567
2026-08-09,Khulna,5.52,28.44,89.0,89.23601257249123,23.18372817232567
2026-08-10,Khulna,5.71,28.94,87.39,89.23601257249123,23.18372817232567
2026-08-11,Khulna,8.15,29.06,87.95,89.23601257249123,23.18372817232567
2026-08-12,Khulna,18.35,28.79,89.09,89.23601257249123,23.18372817232567
2026-08-13,Khulna,8.43,27.66,93.29,89.23601257249123,23.18372817232567
2026-08-14,Khulna,8.91,28.41,89.51,89.23601257249123,23.18372817232567
2026-08-15,Khulna,7.94,28.76,89.22,89.23601257249123,23.18372817232567
2026-08-16,Khulna,9.89,28.19,90.55,89.23601257249123,23.18372817232567
2026-08-17,Khulna,24.6,27.29,94.91,89.23601257249123,23.18372817232567
2026-08-18,Khulna,20.84,27.65,91.22,89.23601257249123,23.18372817232567
2026-08-19,Khulna,6.91,28.24,89.94,89.23601257249123,23.18372817232567
2026-08-20,Khulna,4.89,28.76,88.45,89.23601257249123,23.18372817232567
2026-08-21,Khulna,5.57,28.86,88.45,89.23601257249123,23.18372817232567
2026-08-22,Khulna,4.43,29.13,88.37,89.23601257249123,23.18372817232567
2026-08-23,Khulna,5.75,28.42,89.96,89.23601257249123,23.18372817232567
2026-08-24,Khulna,8.03,28.26,90.89,89.23601257249123,23.18372817232567
2026-08-25,Khulna,5.83,28.4,90.2,89.23601257249123,23.18372817232567
2026-08-26,Khulna,10.19,28.72,90.38,89.23601257249123,23.18372817232567
2026-08-27,Khulna,8.03,29.57,87.92,89.23601257249123,23.18372817232567
2026-08-28,Khulna,4.52,29.3,89.1,89.23601257249123,23.18372817232567
2026-08-29,Khulna,6.07,29.08,89.51,89.23601257249123,23.18372817232567
2026-08-30,Khulna,5.83,27.84,91.48,89.23601257249123,23.18372817232567
2026-08-31,Khulna,11.96,27.82,91.83,89.23601257249123,23.18372817232567
2026-09-01,Khulna,17.65,27.4,92.79,89.23601257249123,23.18372817232567
2026-09-02,Khulna,13.21,27.87,91.88,89.23601257249123,23.18372817232567
2026-09-03,Khulna,18.09,26.99,93.35,89.23601257249123,23.18372817232567
2026-09-04,Khulna,9.06,27.53,90.89,89.23601257249123,23.18372817232567
2026-09-05,Khulna,7.84,27.93,90.06,89.23601257249123,23.18372817232567
2026-09-06,Khulna,10.42,27.12,94.51,89.23601257249123,23.18372817232567
2026-09-07,Khulna,6.61,28.51,90.53,89.23601257249123,23.18372817232567
2026-09-08,Khulna,8.06,29.25,88.75,89.23601257249123,23.18372817232567
2026-09-09,Khulna,9.83,29.2,88.12,89.23601257249123,23.18372817232567
2026-09-10,Khulna,3.92,27.95,92.07,89.23601257249123,23.18372817232567
2026-09-11,Khulna,6.14,27.72,90.79,89.23601257249123,23.18372817232567
2026-09-12,Khulna,5.37,27.95,90.23,89.23601257249123,23.18372817232567
2026-09-13,Khulna,3.06,28.22,87.98,89.23601257249123,23.18372817232567
2026-09-14,Khulna,2.39,29.09,82.13,89.23601257249123,23.18372817232567
2026-09-15,Khulna,0.64,29.17,81.22,89.23601257249123,23.18372817232567
2026-09-16,Khulna,0.51,28.54,84.48,89.23601257249123,23.18372817232567
2026-09-17,Khulna,3.81,28.42,85.88,89.23601257249123,23.18372817232567
2026-09-18,Khulna,,,,89.23601257249123,23.18372817232567
2026-09-19,Khulna,,,,89.23601257249123,23.18372817232567
2026-09-20,Khulna,,,,89.23601257249123,23.18372817232567
2025-10-06,Barisal,15.84,27.09,90.23,90.35151247144636,22.492138588226368
2025-10-07,Barisal,13.94,27.34,85.71,90.35151247144636,22.492138588226368
2025-10-08,Barisal,11.13,27.07,87.62,90.35151247144636,22.492138588226368
2025-10-09,Barisal,33.74,27.6,83.13,90.35151247144636,22.492138588226368
2025-10-10,Barisal,30.64,27.64,82.86,90.35151247144636,22.492138588226368
2025-10-11,Barisal,18.41,27.19,86.09,90.35151247144636,22.492138588226368
2025-10-12,Barisal,26.92,27.32,83.49,90.35151247144636,22.492138588226368
2025-10-13,Barisal,0.22,26.49,85.83,90.35151247144636,22.492138588226368
2025-10-14,Barisal,0.04,26.58,86.06,90.35151247144636,22.492138588226368
2025-10-15,Barisal,0.12,26.17,82.91,90.35151247144636,22.492138588226368
2025-10-16,Barisal,1.49,26.38,84.24,90.35151247144636,22.492138588226368
2025-10-17,Barisal,2.59,26.81,83.19,90.35151247144636,22.492138588226368
2025-10-18,Barisal,1.48,27.7,83.87,90.35151247144636,22.492138588226368
2025-10-19,Barisal,1.05,27.77,83.3,90.35151247144636,22.492138588226368
2025-10-20,Barisal,0.33,27.62,83.93,90.35151247144636,22.492138588226368
2025-10-21,Barisal,0.33,27.52,82.46,90.35151247144636,22.492138588226368
2025-10-22,Barisal,0.03,27.42,79.83,90.35151247144636,22.492138588226368
2025-10-23,Barisal,0.22,27.52,79.14,90.35151247144636,22.492138588226368
2025-10-24,Barisal,2.31,27.84,77.3,90.35151247144636,22.492138588226368
2025-10-25,Barisal,1.34,27.72,80.43,90.35151247144636,22.492138588226368
2025-10-26,Barisal,0.03,27.59,77.68,90.35151247144636,22.492138588226368
2025-10-27,Barisal,0.02,28.12,76.26,90.35151247144636,22.492138588226368
2025-10-28,Barisal,0.25,28.75,75.98,90.35151247144636,22.492138588226368
2025-10-29,Barisal,5.97,28.68,79.73,90.35151247144636,22.492138588226368
2025-10-30,Barisal,6.18,28.14,83.99,90.35151247144636,22.492138588226368
2025-10-31,Barisal,2.58,28.25,83.5,90.35151247144636,22.492138588226368
2025-11-01,Barisal,3.06,27.58,87.36,90.35151247144636,22.492138588226368
2025-11-02,Barisal,12.92,27.18,87.15,90.35151247144636,22.492138588226368
2025-11-03,Barisal,4.02,25.62,87.59,90.35151247144636,22.492138588226368
2025-11-04,Barisal,0.25,25.42,84.5,90.35151247144636,22.492138588226368
2025-11-05,Barisal,10.74,25.27,85.63,90.35151247144636,22.492138588226368
2025-11-06,Barisal,2.17,25.61,80.2,90.35151247144636,22.492138588226368
2025-11-07,Barisal,2.26,25.58,86.05,90.35151247144636,22.492138588226368
2025-11-08,Barisal,0.0,24.43,86.05,90.35151247144636,22.492138588226368
2025-11-09,Barisal,0.0,22.71,85.39,90.35151247144636,22.492138588226368
2025-11-10,Barisal,0.0,22.78,85.77,90.35151247144636,22.492138588226368
2025-11-11,Barisal,0.0,21.95,83.7,90.35151247144636,22.492138588226368
2025-11-12,Barisal,0.0,21.12,80.57,90.35151247144636,22.492138588226368
2025-11-13,Barisal,0.0,20.92,81.74,90.35151247144636,22.492138588226368
2025-11-14,Barisal,0.0,21.0,79.54,90.35151247144636,22.492138588226368
2025-11-15,Barisal,0.0,21.01,80.58,90.35151247144636,22.492138588226368
2025-11-16,Barisal,0.0,20.84,79.02,90.35151247144636,22.492138588226368
2025-11-17,Barisal,0.0,21.21,79.54,90.35151247144636,22.492138588226368
2025-11-18,Barisal,0.0,22.39,83.06,90.35151247144636,22.492138588226368
2025-11-19,Barisal,0.0,22.53,77.03,90.35151247144636,22.492138588226368
2025-11-20,Barisal,0.0,22.26,77.96,90.35151247144636,22.492138588226368
2025-11-21,Barisal,0.0,21.91,75.95,90.35151247144636,22.492138588226368
2025-11-22,Barisal,0.02,21.08,78.78,90.35151247144636,22.492138588226368
2025-11-23,Barisal,0.0,20.78,79.68,90.35151247144636,22.492138588226368
2025-11-24,Barisal,0.0,19.81,84.2,90.35151247144636,22.492138588226368
2025-11-25,Barisal,0.01,20.02,83.8,90.35151247144636,22.492138588226368
2025-11-26,Barisal,0.0,20.36,81.63,90.35151247144636,22.492138588226368
2025-11-27,Barisal,0.0,20.85,82.08,90.35151247144636,22.492138588226368
2025-11-28,Barisal,0.0,21.08,79.45,90.35151247144636,22.492138588226368
2025-11-29,Barisal,0.0,21.0,73.3,90.35151247144636,22.492138588226368
2025-11-30,Barisal,0.0,20.9,70.57,90.35151247144636,22.492138588226368
2025-12-01,Barisal,0.0,20.41,84.27,90.35151247144636,22.492138588226368
2025-12-02,Barisal,0.0,20.11,84.03,90.35151247144636,22.492138588226368
2025-12-03,Barisal,0.0,19.24,81.22,90.35151247144636,22.492138588226368
2025-12-04,Barisal,0.0,18.89,84.9,90.35151247144636,22.492138588226368
2025-12-05,Barisal,0.0,19.09,86.41,90.35151247144636,22.492138588226368
2025-12-06,Barisal,0.0,18.38,81.2,90.35151247144636,22.492138588226368
2025-12-07,Barisal,0.0,18.19,84.14,90.35151247144636,22.492138588226368
2025-12-08,Barisal,0.0,18.75,84.21,90.35151247144636,22.492138588226368
2025-12-09,Barisal,0.0,19.63,80.48,90.35151247144636,22.492138588226368
2025-12-10,Barisal,0.0,19.54,81.66,90.35151247144636,22.492138588226368
2025-12-11,Barisal,0.0,18.68,80.44,90.35151247144636,22.492138588226368
2025-12-12,Barisal,0.0,18.68,77.49,90.35151247144636,22.492138588226368
2025-12-13,Barisal,0.0,19.52,78.06,90.35151247144636,22.492138588226368
2025-12-14,Barisal,0.0,20.0,79.76,90.35151247144636,22.492138588226368
2025-12-15,Barisal,0.0,19.32,78.57,90.35151247144636,22.492138588226368
2025-12-16,Barisal,3.23,19.09,79.93,90.35151247144636,22.492138588226368
2025-12-17,Barisal,0.02,18.66,80.8,90.35151247144636,22.492138588226368
2025-12-18,Barisal,0.0,20.2,78.69,90.35151247144636,22.492138588226368
2025-12-19,Barisal,0.0,20.49,78.99,90.35151247144636,22.492138588226368
2025-12-20,Barisal,0.0,20.34,80.13,90.35151247144636,22.492138588226368
2025-12-21,Barisal,0.0,18.98,83.33,90.35151247144636,22.492138588226368
2025-12-22,Barisal,0.0,18.65,84.93,90.35151247144636,22.492138588226368
2025-12-23,Barisal,0.0,18.25,84.01,90.35151247144636,22.492138588226368
2025-12-24,Barisal,0.0,17.76,83.68,90.35151247144636,22.492138588226368
2025-12-25,Barisal,0.0,16.65,79.04,90.35151247144636,22.492138588226368
2025-12-26,Barisal,0.0,16.29,78.0,90.35151247144636,22.492138588226368
2025-12-27,Barisal,0.0,16.5,81.36,90.35151247144636,22.492138588226368
2025-12-28,Barisal,0.0,16.46,83.68,90.35151247144636,22.492138588226368
2025-12-29,Barisal,0.0,15.76,85.07,90.35151247144636,22.492138588226368
2025-12-30,Barisal,0.0,15.0,85.3,90.35151247144636,22.492138588226368
2025-12-31,Barisal,0.0,14.89,83.65,90.35151247144636,22.492138588226368
2026-01-01,Barisal,0.0,16.13,82.91,90.35151247144636,22.492138588226368
2026-01-02,Barisal,0.0,16.35,82.64,90.35151247144636,22.492138588226368
2026-01-03,Barisal,0.0,16.8,82.07,90.35151247144636,22.492138588226368
2026-01-04,Barisal,0.0,16.24,81.33,90.35151247144636,22.492138588226368
2026-01-05,Barisal,0.0,14.89,83.32,90.35151247144636,22.492138588226368
2026-01-06,Barisal,0.0,14.45,83.99,90.35151247144636,22.492138588226368
2026-01-07,Barisal,0.0,15.18,82.93,90.35151247144636,22.492138588226368
2026-01-08,Barisal,0.0,15.57,81.01,90.35151247144636,22.492138588226368
2026-01-09,Barisal,0.0,16.26,76.9,90.35151247144636,22.492138588226368
2026-01-10,Barisal,0.0,16.24,80.01,90.35151247144636,22.492138588226368
2026-01-11,Barisal,0.0,16.89,81.86,90.35151247144636,22.492138588226368
2026-01-12,Barisal,0.03,16.89,82.15,90.35151247144636,22.492138588226368
2026-01-13,Barisal,0.0,17.46,80.03,90.35151247144636,22.492138588226368
2026-01-14,Barisal,0.57,17.34,78.03,90.35151247144636,22.492138588226368
2026-01-15,Barisal,0.0,17.09,80.47,90.35151247144636,22.492138588226368
2026-01-16,Barisal,0.0,16.87,78.31,90.35151247144636,22.492138588226368
2026-01-17,Barisal,0.0,17.59,79.69,90.35151247144636,22.492138588226368
2026-01-18,Barisal,0.0,18.76,73.6,90.35151247144636,22.492138588226368
2026-01-19,Barisal,0.0,18.82,74.26,90.35151247144636,22.492138588226368
2026-01-20,Barisal,0.0,18.92,73.7,90.35151247144636,22.492138588226368
2026-01-21,Barisal,0.0,18.83,69.14,90.35151247144636,22.492138588226368
2026-01-22,Barisal,0.0,18.33,69.58,90.35151247144636,22.492138588226368
2026-01-23,Barisal,0.0,18.45,65.64,90.35151247144636,22.492138588226368
2026-01-24,Barisal,0.0,18.56,64.65,90.35151247144636,22.492138588226368
2026-01-25,Barisal,0.0,18.34,72.14,90.35151247144636,22.492138588226368
2026-01-26,Barisal,0.0,18.93,73.14,90.35151247144636,22.492138588226368
2026-01-27,Barisal,0.0,18.8,71.9,90.35151247144636,22.492138588226368
2026-01-28,Barisal,0.0,19.53,66.73,90.35151247144636,22.492138588226368
2026-01-29,Barisal,0.0,20.52,66.56,90.35151247144636,22.492138588226368
2026-01-30,Barisal,0.0,20.17,73.19,90.35151247144636,22.492138588226368
2026-01-31,Barisal,0.0,19.43,68.62,90.35151247144636,22.492138588226368
2026-02-01,Barisal,0.0,19.03,71.98,90.35151247144636,22.492138588226368
2026-02-02,Barisal,0.0,19.82,70.88,90.35151247144636,22.492138588226368
2026-02-03,Barisal,0.0,20.75,64.27,90.35151247144636,22.492138588226368
2026-02-04,Barisal,0.0,20.66,68.28,90.35151247144636,22.492138588226368
2026-02-05,Barisal,0.0,20.75,60.28,90.35151247144636,22.492138588226368
2026-02-06,Barisal,0.0,19.38,56.3,90.35151247144636,22.492138588226368
2026-02-07,Barisal,0.0,18.53,61.06,90.35151247144636,22.492138588226368
2026-02-08,Barisal,0.0,19.17,62.45,90.35151247144636,22.492138588226368
2026-02-09,Barisal,0.0,19.52,57.35,90.35151247144636,22.492138588226368
2026-02-10,Barisal,0.0,20.28,54.7,90.35151247144636,22.492138588226368
2026-02-11,Barisal,0.0,20.61,60.11,90.35151247144636,22.492138588226368
2026-02-12,Barisal,0.0,20.67,59.35,90.35151247144636,22.492138588226368
2026-02-13,Barisal,0.0,20.73,55.62,90.35151247144636,22.492138588226368
2026-02-14,Barisal,0.0,21.36,56.03,90.35151247144636,22.492138588226368
2026-02-15,Barisal,0.0,21.61,53.41,90.35151247144636,22.492138588226368
2026-02-16,Barisal,0.0,21.25,54.4,90.35151247144636,22.492138588226368
2026-02-17,Barisal,0.0,22.5,53.97,90.35151247144636,22.492138588226368
2026-02-18,Barisal,0.3,23.87,45.93,90.35151247144636,22.492138588226368
2026-02-19,Barisal,0.0,23.67,45.53,90.35151247144636,22.492138588226368
2026-02-20,Barisal,0.0,24.6,47.01,90.35151247144636,22.492138588226368
2026-02-21,Barisal,0.0,24.24,49.64,90.35151247144636,22.492138588226368
2026-02-22,Barisal,0.0,24.06,53.02,90.35151247144636,22.492138588226368
2026-02-23,Barisal,0.0,24.61,60.52,90.35151247144636,22.492138588226368
2026-02-24,Barisal,0.22,25.16,59.16,90.35151247144636,22.492138588226368
2026-02-25,Barisal,0.02,25.3,56.21,90.35151247144636,22.492138588226368
2026-02-26,Barisal,0.0,24.47,48.94,90.35151247144636,22.492138588226368
2026-02-27,Barisal,0.0,24.29,48.06,90.35151247144636,22.492138588226368
2026-02-28,Barisal,0.0,24.36,59.62,90.35151247144636,22.492138588226368
2026-03-01,Barisal,0.0,24.97,71.99,90.35151247144636,22.492138588226368
2026-03-02,Barisal,0.19,25.62,74.71,90.35151247144636,22.492138588226368
2026-03-03,Barisal,0.23,26.27,62.85,90.35151247144636,22.492138588226368
2026-03-04,Barisal,0.29,26.25,53.4,90.35151247144636,22.492138588226368
2026-03-05,Barisal,0.0,25.99,53.89,90.35151247144636,22.492138588226368
2026-03-06,Barisal,0.0,25.7,62.87,90.35151247144636,22.492138588226368
2026-03-07,Barisal,0.01,25.21,73.64,90.35151247144636,22.492138588226368
2026-03-08,Barisal,0.3,25.54,74.11,90.35151247144636,22.492138588226368
2026-03-09,Barisal,3.28,25.84,74.7,90.35151247144636,22.492138588226368
2026-03-10,Barisal,2.23,26.67,70.73,90.35151247144636,22.492138588226368
2026-03-11,Barisal,2.11,26.64,70.17,90.35151247144636,22.492138588226368
2026-03-12,Barisal,0.09,26.42,71.3,90.35151247144636,22.492138588226368
2026-03-13,Barisal,1.22,26.72,75.46,90.35151247144636,22.492138588226368
2026-03-14,Barisal,0.5,26.84,73.76,90.35151247144636,22.492138588226368
2026-03-15,Barisal,0.2,26.73,74.2,90.35151247144636,22.492138588226368
2026-03-16,Barisal,3.01,25.96,76.4,90.35151247144636,22.492138588226368
2026-03-17,Barisal,5.28,25.94,76.6,90.35151247144636,22.492138588226368
2026-03-18,Barisal,7.53,26.02,78.45,90.35151247144636,22.492138588226368
2026-03-19,Barisal,3.9,25.51,75.86,90.35151247144636,22.492138588226368
2026-03-20,Barisal,11.82,25.89,72.72,90.35151247144636,22.492138588226368
2026-03-21,Barisal,6.04,24.32,68.81,90.35151247144636,22.492138588226368
2026-03-22,Barisal,4.79,23.73,67.58,90.35151247144636,22.492138588226368
2026-03-23,Barisal,0.1,25.18,61.85,90.35151247144636,22.492138588226368
2026-03-24,Barisal,0.16,25.87,66.26,90.35151247144636,22.492138588226368
2026-03-25,Barisal,0.28,26.76,69.41,90.35151247144636,22.492138588226368
2026-03-26,Barisal,1.16,27.62,69.53,90.35151247144636,22.492138588226368
2026-03-27,Barisal,0.38,27.95,70.79,90.35151247144636,22.492138588226368
2026-03-28,Barisal,0.98,27.69,70.1,90.35151247144636,22.492138588226368
2026-03-29,Barisal,0.41,27.54,71.05,90.35151247144636,22.492138588226368
2026-03-30,Barisal,0.72,27.99,75.01,90.35151247144636,22.492138588226368
2026-03-31,Barisal,1.33,28.01,72.71,90.35151247144636,22.492138588226368
2026-04-01,Barisal,0.58,28.33,70.87,90.35151247144636,22.492138588226368
2026-04-02,Barisal,1.0,29.14,70.36,90.35151247144636,22.492138588226368
2026-04-03,Barisal,0.11,29.71,69.8,90.35151247144636,22.492138588226368
2026-04-04,Barisal,0.66,29.71,70.09,90.35151247144636,22.492138588226368
2026-04-05,Barisal,2.14,28.43,69.93,90.35151247144636,22.492138588226368
2026-04-06,Barisal,2.71,28.78,59.95,90.35151247144636,22.492138588226368
2026-04-07,Barisal,13.48,26.78,75.18,90.35151247144636,22.492138588226368
2026-04-08,Barisal,10.23,27.17,72.16,90.35151247144636,22.492138588226368
2026-04-09,Barisal,31.37,25.79,80.38,90.35151247144636,22.492138588226368
2026-04-10,Barisal,3.12,26.5,70.82,90.35151247144636,22.492138588226368
2026-04-11,Barisal,0.21,27.46,74.39,90.35151247144636,22.492138588226368
2026-04-12,Barisal,0.01,28.34,74.11,90.35151247144636,22.492138588226368
2026-04-13,Barisal,0.04,28.47,76.26,90.35151247144636,22.492138588226368
2026-04-14,Barisal,0.12,28.58,76.99,90.35151247144636,22.492138588226368
2026-04-15,Barisal,0.17,29.03,74.87,90.35151247144636,22.492138588226368
2026-04-16,Barisal,1.45,28.72,76.09,90.35151247144636,22.492138588226368
2026-04-17,Barisal,0.85,29.17,72.53,90.35151247144636,22.492138588226368
2026-04-18,Barisal,1.19,29.06,73.86,90.35151247144636,22.492138588226368
2026-04-19,Barisal,0.13,29.33,75.89,90.35151247144636,22.492138588226368
2026-04-20,Barisal,0.32,29.26,77.47,90.35151247144636,22.492138588226368
2026-04-21,Barisal,0.07,29.09,78.86,90.35151247144636,22.492138588226368
2026-04-22,Barisal,0.0,28.92,80.77,90.35151247144636,22.492138588226368
2026-04-23,Barisal,0.0,29.57,75.98,90.35151247144636,22.492138588226368
2026-04-24,Barisal,0.0,29.5,75.77,90.35151247144636,22.492138588226368
2026-04-25,Barisal,0.0,29.16,76.45,90.35151247144636,22.492138588226368
2026-04-26,Barisal,2.33,28.74,77.58,90.35151247144636,22.492138588226368
2026-04-27,Barisal,9.5,28.65,78.4,90.35151247144636,22.492138588226368
2026-04-28,Barisal,54.75,27.9,87.19,90.35151247144636,22.492138588226368
2026-04-29,Barisal,67.69,26.62,90.65,90.35151247144636,22.492138588226368
2026-04-30,Barisal,43.11,26.02,86.99,90.35151247144636,22.492138588226368
2026-05-01,Barisal,24.95,25.87,87.54,90.35151247144636,22.492138588226368
2026-05-02,Barisal,23.69,26.91,86.11,90.35151247144636,22.492138588226368
2026-05-03,Barisal,37.2,27.1,88.14,90.35151247144636,22.492138588226368
2026-05-04,Barisal,18.62,26.94,86.65,90.35151247144636,22.492138588226368
2026-05-05,Barisal,3.71,26.14,85.76,90.35151247144636,22.492138588226368
2026-05-06,Barisal,5.81,27.07,81.66,90.35151247144636,22.492138588226368
2026-05-07,Barisal,6.49,27.8,77.93,90.35151247144636,22.492138588226368
2026-05-08,Barisal,1.13,27.8,77.65,90.35151247144636,22.492138588226368
2026-05-09,Barisal,1.11,28.02,74.87,90.35151247144636,22.492138588226368
2026-05-10,Barisal,2.89,27.18,82.94,90.35151247144636,22.492138588226368
2026-05-11,Barisal,9.19,26.96,79.43,90.35151247144636,22.492138588226368
2026-05-12,Barisal,2.48,27.15,81.4,90.35151247144636,22.492138588226368
2026-05-13,Barisal,7.57,27.46,84.31,90.35151247144636,22.492138588226368
2026-05-14,Barisal,16.69,28.21,85.42,90.35151247144636,22.492138588226368
2026-05-15,Barisal,5.62,28.58,85.47,90.35151247144636,22.492138588226368
2026-05-16,Barisal,2.25,28.48,86.52,90.35151247144636,22.492138588226368
2026-05-17,Barisal,1.54,28.77,85.85,90.35151247144636,22.492138588226368
2026-05-18,Barisal,2.82,29.08,85.63,90.35151247144636,22.492138588226368
2026-05-19,Barisal,6.46,29.16,86.41,90.35151247144636,22.492138588226368
2026-05-20,Barisal,2.91,29.33,84.34,90.35151247144636,22.492138588226368
2026-05-21,Barisal,2.25,29.49,88.36,90.35151247144636,22.492138588226368
2026-05-22,Barisal,2.46,29.64,88.05,90.35151247144636,22.492138588226368
2026-05-23,Barisal,11.73,29.43,88.94,90.35151247144636,22.492138588226368
2026-05-24,Barisal,8.87,29.34,89.04,90.35151247144636,22.492138588226368
2026-05-25,Barisal,27.22,29.03,88.88,90.35151247144636,22.492138588226368
2026-05-26,Barisal,33.26,28.96,87.12,90.35151247144636,22.492138588226368
2026-05-27,Barisal,23.36,28.49,87.48,90.35151247144636,22.492138588226368
2026-05-28,Barisal,28.31,28.22,87.09,90.35151247144636,22.492138588226368
2026-05-29,Barisal,7.41,29.14,82.0,90.35151247144636,22.492138588226368
2026-05-30,Barisal,7.27,29.34,79.08,90.35151247144636,22.492138588226368
2026-05-31,Barisal,3.05,29.34,80.02,90.35151247144636,22.492138588226368
2026-06-01,Barisal,0.61,28.78,85.64,90.35151247144636,22.492138588226368
2026-06-02,Barisal,2.19,29.47,83.82,90.35151247144636,22.492138588226368
2026-06-03,Barisal,1.16,29.36,84.65,90.35151247144636,22.492138588226368
2026-06-04,Barisal,5.39,29.3,86.01,90.35151247144636,22.492138588226368
2026-06-05,Barisal,15.79,29.3,90.26,90.35151247144636,22.492138588226368
2026-06-06,Barisal,29.23,28.94,89.85,90.35151247144636,22.492138588226368
2026-06-07,Barisal,29.57,28.9,89.24,90.35151247144636,22.492138588226368
2026-06-08,Barisal,12.2,28.75,88.99,90.35151247144636,22.492138588226368
2026-06-09,Barisal,13.93,28.78,91.01,90.35151247144636,22.492138588226368
2026-06-10,Barisal,54.95,28.48,90.07,90.35151247144636,22.492138588226368
2026-06-11,Barisal,15.73,28.35,88.14,90.35151247144636,22.492138588226368
2026-06-12,Barisal,28.16,28.57,84.91,90.35151247144636,22.492138588226368
2026-06-13,Barisal,7.56,28.41,88.21,90.35151247144636,22.492138588226368
2026-06-14,Barisal,17.06,28.31,89.03,90.35151247144636,22.492138588226368
2026-06-15,Barisal,6.08,28.42,86.84,90.35151247144636,22.492138588226368
2026-06-16,Barisal,19.1,28.77,86.32,90.35151247144636,22.492138588226368
2026-06-17,Barisal,14.1,28.77,86.38,90.35151247144636,22.492138588226368
2026-06-18,Barisal,13.44,28.98,86.67,90.35151247144636,22.492138588226368
2026-06-19,Barisal,14.62,28.51,88.43,90.35151247144636,22.492138588226368
2026-06-20,Barisal,2.79,28.48,86.96,90.35151247144636,22.492138588226368
2026-06-21,Barisal,21.02,28.19,91.25,90.35151247144636,22.492138588226368
2026-06-22,Barisal,15.84,28.18,89.86,90.35151247144636,22.492138588226368
2026-06-23,Barisal,13.34,27.94,89.52,90.35151247144636,22.492138588226368
2026-06-24,Barisal,8.6,27.93,88.42,90.35151247144636,22.492138588226368
2026-06-25,Barisal,16.36,28.17,86.89,90.35151247144636,22.492138588226368
2026-06-26,Barisal,14.59,28.3,86.83,90.35151247144636,22.492138588226368
2026-06-27,Barisal,2.69,28.68,87.35,90.35151247144636,22.492138588226368
2026-06-28,Barisal,13.78,29.02,88.75,90.35151247144636,22.492138588226368
2026-06-29,Barisal,41.37,28.86,92.64,90.35151247144636,22.492138588226368
2026-06-30,Barisal,18.65,28.71,87.58,90.35151247144636,22.492138588226368
2026-07-01,Barisal,14.73,28.32,88.03,90.35151247144636,22.492138588226368
2026-07-02,Barisal,13.44,28.7,89.42,90.35151247144636,22.492138588226368
2026-07-03,Barisal,4.63,28.42,91.03,90.35151247144636,22.492138588226368
2026-07-04,Barisal,12.61,28.67,89.63,90.35151247144636,22.492138588226368
2026-07-05,Barisal,33.8,28.22,91.73,90.35151247144636,22.492138588226368
2026-07-06,Barisal,51.96,28.42,91.83,90.35151247144636,22.492138588226368
2026-07-07,Barisal,132.65,28.05,93.71,90.35151247144636,22.492138588226368
2026-07-08,Barisal,80.58,28.21,93.37,90.35151247144636,22.492138588226368
2026-07-09,Barisal,50.59,28.15,92.04,90.35151247144636,22.492138588226368
2026-07-10,Barisal,80.69,27.93,93.55,90.35151247144636,22.492138588226368
2026-07-11,Barisal,37.22,28.12,93.22,90.35151247144636,22.492138588226368
2026-07-12,Barisal,36.16,28.42,93.04,90.35151247144636,22.492138588226368
2026-07-13,Barisal,29.14,27.77,92.53,90.35151247144636,22.492138588226368
2026-07-14,Barisal,10.9,28.48,88.28,90.35151247144636,22.492138588226368
2026-07-15,Barisal,4.48,28.15,90.18,90.35151247144636,22.492138588226368
2026-07-16,Barisal,15.64,27.91,89.78,90.35151247144636,22.492138588226368
2026-07-17,Barisal,19.32,27.99,91.16,90.35151247144636,22.492138588226368
2026-07-18,Barisal,13.36,28.33,89.44,90.35151247144636,22.492138588226368
2026-07-19,Barisal,14.8,28.45,89.93,90.35151247144636,22.492138588226368
2026-07-20,Barisal,45.35,27.89,93.08,90.35151247144636,22.492138588226368
2026-07-21,Barisal,44.75,27.67,94.08,90.35151247144636,22.492138588226368
2026-07-22,Barisal,28.61,27.43,93.18,90.35151247144636,22.492138588226368
2026-07-23,Barisal,32.03,27.47,90.41,90.35151247144636,22.492138588226368
2026-07-24,Barisal,23.8,27.72,89.66,90.35151247144636,22.492138588226368
2026-07-25,Barisal,10.48,27.69,88.92,90.35151247144636,22.492138588226368
2026-07-26,Barisal,10.61,27.77,90.17,90.35151247144636,22.492138588226368
2026-07-27,Barisal,25.43,28.12,90.78,90.35151247144636,22.492138588226368
2026-07-28,Barisal,22.51,27.99,90.16,90.35151247144636,22.492138588226368
2026-07-29,Barisal,30.39,28.05,90.33,90.35151247144636,22.492138588226368
2026-07-30,Barisal,34.9,27.92,91.51,90.35151247144636,22.492138588226368
2026-07-31,Barisal,18.69,28.01,90.04,90.35151247144636,22.492138588226368
2026-08-01,Barisal,5.48,28.1,89.79,90.35151247144636,22.492138588226368
2026-08-02,Barisal,4.55,28.1,90.93,90.35151247144636,22.492138588226368
2026-08-03,Barisal,6.2,28.41,89.26,90.35151247144636,22.492138588226368
2026-08-04,Barisal,13.03,28.36,88.92,90.35151247144636,22.492138588226368
2026-08-05,Barisal,7.73,27.97,91.72,90.35151247144636,22.492138588226368
2026-08-06,Barisal,12.51,27.43,93.36,90.35151247144636,22.492138588226368
2026-08-07,Barisal,19.41,26.84,94.18,90.35151247144636,22.492138588226368
2026-08-08,Barisal,12.56,27.8,91.09,90.35151247144636,22.492138588226368
2026-08-09,Barisal,4.46,28.16,88.61,90.35151247144636,22.492138588226368
2026-08-10,Barisal,8.63,28.06,88.3,90.35151247144636,22.492138588226368
2026-08-11,Barisal,4.85,28.32,87.43,90.35151247144636,22.492138588226368
2026-08-12,Barisal,7.75,28.23,88.41,90.35151247144636,22.492138588226368
2026-08-13,Barisal,18.44,28.09,89.44,90.35151247144636,22.492138588226368
2026-08-14,Barisal,13.26,28.28,89.26,90.35151247144636,22.492138588226368
2026-08-15,Barisal,11.14,28.23,90.28,90.35151247144636,22.492138588226368
2026-08-16,Barisal,35.81,27.72,90.58,90.35151247144636,22.492138588226368
2026-08-17,Barisal,26.19,27.59,91.93,90.35151247144636,22.492138588226368
2026-08-18,Barisal,8.35,28.08,89.71,90.35151247144636,22.492138588226368
2026-08-19,Barisal,8.83,28.34,88.37,90.35151247144636,22.492138588226368
2026-08-20,Barisal,8.11,28.46,88.02,90.35151247144636,22.492138588226368
2026-08-21,Barisal,6.47,29.01,86.12,90.35151247144636,22.492138588226368
2026-08-22,Barisal,4.19,28.71,88.03,90.35151247144636,22.492138588226368
2026-08-23,Barisal,12.89,28.37,88.78,90.35151247144636,22.492138588226368
2026-08-24,Barisal,19.33,28.32,89.07,90.35151247144636,22.492138588226368
2026-08-25,Barisal,8.88,28.21,89.77,90.35151247144636,22.492138588226368
2026-08-26,Barisal,5.86,28.5,89.23,90.35151247144636,22.492138588226368
2026-08-27,Barisal,4.83,28.93,88.0,90.35151247144636,22.492138588226368
2026-08-28,Barisal,4.01,28.57,88.51,90.35151247144636,22.492138588226368
2026-08-29,Barisal,11.79,28.75,87.11,90.35151247144636,22.492138588226368
2026-08-30,Barisal,25.77,28.1,90.38,90.35151247144636,22.492138588226368
2026-08-31,Barisal,16.55,28.04,90.6,90.35151247144636,22.492138588226368
2026-09-01,Barisal,16.2,27.9,90.09,90.35151247144636,22.492138588226368
2026-09-02,Barisal,38.39,27.43,91.22,90.35151247144636,22.492138588226368
2026-09-03,Barisal,50.01,27.31,90.18,90.35151247144636,22.492138588226368
2026-09-04,Barisal,7.87,27.68,88.7,90.35151247144636,22.492138588226368
2026-09-05,Barisal,7.49,27.73,88.58,90.35151247144636,22.492138588226368
2026-09-06,Barisal,6.08,28.07,87.34,90.35151247144636,22.492138588226368
2026-09-07,Barisal,4.46,28.59,88.25,90.35151247144636,22.492138588226368
2026-09-08,Barisal,6.17,28.83,88.13,90.35151247144636,22.492138588226368
2026-09-09,Barisal,7.13,28.89,88.18,90.35151247144636,22.492138588226368
2026-09-10,Barisal,3.75,28.37,88.18,90.35151247144636,22.492138588226368
2026-09-11,Barisal,6.34,27.75,89.72,90.35151247144636,22.492138588226368
2026-09-12,Barisal,1.8,28.42,86.66,90.35151247144636,22.492138588226368
2026-09-13,Barisal,2.17,28.66,83.5,90.35151247144636,22.492138588226368
2026-09-14,Barisal,1.23,29.22,79.62,90.35151247144636,22.492138588226368
2026-09-15,Barisal,0.94,29.42,81.07,90.35151247144636,22.492138588226368
2026-09-16,Barisal,1.5,29.07,81.63,90.35151247144636,22.492138588226368
2026-09-17,Barisal,1.51,28.4,82.8,90.35151247144636,22.492138588226368
2026-09-18,Barisal,,,,90.35151247144636,22.492138588226368
2026-09-19,Barisal,,,,90.35151247144636,22.492138588226368
2026-09-20,Barisal,,,,90.35151247144636,22.492138588226368
